wall_time,ros_time_sec,x,y,z,yaw,qx,qy,qz,qw,lin_vel_x,lin_vel_y,lin_vel_z,ang_vel_x,ang_vel_y,ang_vel_z
2026-09-07T01:01:27.427568,0.05,0.0,0.0,0.0,-4.524824959162288e-12,0.0,0.0,-2.262412479581144e-12,1.0,0.0,0.0,0.0,0.0,0.0,-9.049802295626476e-05
2026-09-07T01:01:30.065048,0.07,0.0,0.0,0.0,1.0115815785027851e-07,0.0,0.0,5.057907892513922e-08,0.9999999999999987,0.0,0.0,0.0,0.0,0.0,0.00020710092525518973
2026-09-07T01:01:30.082878,0.09000000000000001,0.0,0.0,0.0,4.047363124648485e-07,0.0,0.0,2.0236815623242284e-07,0.9999999999999796,0.0,0.0,0.0,0.0,0.0,8.514399613895673e-05
2026-09-07T01:01:30.105133,0.11,0.0,0.0,0.0,-2.3572017613382452e-06,0.0,0.0,-1.1786008806688499e-06,0.9999999999993054,0.0,0.0,0.0,0.0,0.0,4.471426126922683e-05
2026-09-07T01:01:30.131185,0.13,0.0,0.0,0.0,4.711287062697523e-07,0.0,0.0,2.3556435313487394e-07,0.9999999999999722,0.0,0.0,0.0,0.0,0.0,0.00044290192416154947
2026-09-07T01:01:30.152383,0.15000000000000002,0.0,0.0,0.0,1.2302176957135202e-06,0.0,0.0,6.151088478567214e-07,0.9999999999998108,0.0,0.0,0.0,0.0,0.0,1.921806898019736e-05
2026-09-07T01:01:30.175732,0.17,0.0,0.0,0.0,1.0678146007414566e-06,0.0,0.0,5.33907300370703e-07,0.9999999999998574,0.0,0.0,0.0,0.0,0.0,-0.0002892258057329122
2026-09-07T01:01:30.195231,0.19,0.0,0.0,0.0,5.960249405134732e-08,0.0,0.0,2.9801247025673657e-08,0.9999999999999996,0.0,0.0,0.0,0.0,0.0,-0.0002966831700584043
2026-09-07T01:01:30.221647,0.21000000000000002,0.0,0.0,0.0,-7.993921147253502e-07,0.0,0.0,-3.9969605736266446e-07,0.9999999999999202,0.0,0.0,0.0,0.0,0.0,0.00011987299665827203
2026-09-07T01:01:30.246916,0.23,0.0,0.0,0.0,-2.683923899127194e-06,0.0,0.0,-1.3419619495631943e-06,0.9999999999990996,0.0,0.0,0.0,0.0,0.0,0.0002726465343927431
2026-09-07T01:01:30.267903,0.25,0.0,0.0,0.0,1.1337622844997952e-06,0.0,0.0,5.668811422498672e-07,0.9999999999998394,0.0,0.0,0.0,0.0,0.0,0.00010289453232139715
2026-09-07T01:01:30.296178,0.27,0.0,0.0,0.0,2.2461638180537595e-06,0.0,0.0,1.1230819090266434e-06,0.9999999999993694,0.0,0.0,0.0,0.0,0.0,4.842202525900583e-05
2026-09-07T01:01:30.320577,0.28,0.0,0.0,0.0,2.275513111271721e-12,0.0,0.0,1.1377565556358604e-12,1.0,0.0,0.0,0.0,0.0,0.0,2.3525867333709454e-05
2026-09-07T01:01:30.383948,0.31,0.0,0.0,0.0,-1.8600728797224522e-06,0.0,0.0,-9.300364398610919e-07,0.9999999999995676,0.0,0.0,0.0,0.0,0.0,0.0001591045697952105
2026-09-07T01:01:30.402336,0.33,0.0,0.0,0.0,1.50138312449144e-06,0.0,0.0,7.506915622456495e-07,0.9999999999997182,0.0,0.0,0.0,0.0,0.0,-5.231770415810072e-05
2026-09-07T01:01:30.448703,0.35000000000000003,0.0,0.0,0.0,8.150402543982694e-07,0.0,0.0,4.075201271991234e-07,0.999999999999917,0.0,0.0,0.0,0.0,0.0,-0.00017037691491630206
2026-09-07T01:01:30.468677,0.37,0.0,0.0,0.0,3.6478794300798256e-06,0.0,0.0,1.8239397150389015e-06,0.9999999999983367,0.0,0.0,0.0,0.0,0.0,6.246442498304445e-06
2026-09-07T01:01:30.488289,0.39,0.0,0.0,0.0,5.119027504107976e-07,0.0,0.0,2.55951375205396e-07,0.9999999999999672,0.0,0.0,0.0,0.0,0.0,-6.244804689509224e-05
2026-09-07T01:01:30.508744,0.41000000000000003,0.0,0.0,0.0,1.2760651140197865e-06,0.0,0.0,6.3803255700985e-07,0.9999999999997965,0.0,0.0,0.0,0.0,0.0,-0.00028890555551076423
2026-09-07T01:01:30.528093,0.43000000000000005,0.0,0.0,0.0,1.4451370744517078e-06,0.0,0.0,7.22568537225791e-07,0.999999999999739,0.0,0.0,0.0,0.0,0.0,-9.46058712212294e-05
2026-09-07T01:01:30.557835,0.45,0.0,0.0,0.0,-2.3184314108526394e-06,0.0,0.0,-1.15921570542606e-06,0.9999999999993281,0.0,0.0,0.0,0.0,0.0,-0.00013861273891646952
2026-09-07T01:01:30.574964,0.47000000000000003,0.0,0.0,0.0,-1.5799990196185836e-06,0.0,0.0,-7.899995098092094e-07,0.9999999999996879,0.0,0.0,0.0,0.0,0.0,-4.6811190584692514e-06
2026-09-07T01:01:30.592933,0.48000000000000004,0.0,0.0,0.0,-1.3558043576722412e-12,0.0,0.0,-6.779021788361206e-13,1.0,0.0,0.0,0.0,0.0,0.0,-6.672434013748375e-05
2026-09-07T01:01:30.629188,0.51,0.0,0.0,0.0,3.7458094173103977e-06,0.0,0.0,1.8729047086541036e-06,0.9999999999982461,0.0,0.0,0.0,0.0,0.0,8.079373870355997e-05
2026-09-07T01:01:30.647556,0.53,0.0,0.0,0.0,-4.265175501672047e-07,0.0,0.0,-2.1325877508360074e-07,0.9999999999999772,0.0,0.0,0.0,0.0,0.0,-0.0002301429529992748
2026-09-07T01:01:30.678115,0.55,0.0,0.0,0.0,4.284435932699893e-06,0.0,0.0,2.1422179663483077e-06,0.9999999999977055,0.0,0.0,0.0,0.0,0.0,0.00010120640647386342
2026-09-07T01:01:30.698458,0.5700000000000001,0.0,0.0,0.0,-2.6800082024713845e-06,0.0,0.0,-1.3400041012352912e-06,0.9999999999991022,0.0,0.0,0.0,0.0,0.0,5.8315717209590464e-05
2026-09-07T01:01:30.719865,0.5800000000000001,0.0,0.0,0.0,-1.7474910407599964e-12,0.0,0.0,-8.737455203799982e-13,1.0,0.0,0.0,0.0,0.0,0.0,-4.953619856376346e-05
2026-09-07T01:01:30.768360,0.61,0.0,0.0,0.0,-2.5497280660147226e-06,0.0,0.0,-1.274864033007016e-06,0.9999999999991873,0.0,0.0,0.0,0.0,0.0,0.00013764025376525508
2026-09-07T01:01:30.789647,0.63,0.0,0.0,0.0,2.0087451346739726e-07,0.0,0.0,1.0043725673369846e-07,0.999999999999995,0.0,0.0,0.0,0.0,0.0,0.0004468790983471327
2026-09-07T01:01:30.830713,0.65,0.0,0.0,0.0,2.1882858134425476e-06,0.0,0.0,1.0941429067210555e-06,0.9999999999994015,0.0,0.0,0.0,0.0,0.0,0.0003043552266117658
2026-09-07T01:01:30.849798,0.67,0.0,0.0,0.0,7.888487760787657e-07,0.0,0.0,3.944243880393725e-07,0.9999999999999222,0.0,0.0,0.0,0.0,0.0,-0.00014511041904712835
2026-09-07T01:01:30.870707,0.6900000000000001,0.0,0.0,0.0,1.2879570521207033e-06,0.0,0.0,6.43978526060307e-07,0.9999999999997926,0.0,0.0,0.0,0.0,0.0,0.00028727239359928477
2026-09-07T01:01:30.905095,0.7100000000000001,0.0,0.0,0.0,-1.7576055406642865e-06,0.0,0.0,-8.788027703320302e-07,0.9999999999996139,0.0,0.0,0.0,0.0,0.0,-5.929022782950934e-05
2026-09-07T01:01:30.925043,0.7300000000000001,0.0,0.0,0.0,-2.6616573598481352e-06,0.0,0.0,-1.3308286799236748e-06,0.9999999999991145,0.0,0.0,0.0,0.0,0.0,-0.00026877520635550643
2026-09-07T01:01:30.944464,0.75,0.0,0.0,0.0,2.3636652608516333e-06,0.0,0.0,1.1818326304255414e-06,0.9999999999993017,0.0,0.0,0.0,0.0,0.0,0.00018078194126592125
2026-09-07T01:01:30.964602,0.77,0.0,0.0,0.0,9.745061100296937e-07,0.0,0.0,4.872530550148276e-07,0.9999999999998813,0.0,0.0,0.0,0.0,0.0,0.00018074351877434447
2026-09-07T01:01:30.987143,0.79,0.0,0.0,0.0,2.4885654825723696e-07,0.0,0.0,1.2442827412861814e-07,0.9999999999999922,0.0,0.0,0.0,0.0,0.0,3.779181283893244e-05
2026-09-07T01:01:31.006690,0.81,0.0,0.0,0.0,1.8468419420436535e-06,0.0,0.0,9.234209710216954e-07,0.9999999999995737,0.0,0.0,0.0,0.0,0.0,6.258563473938975e-05
2026-09-07T01:01:31.029043,0.8300000000000001,0.0,0.0,0.0,1.5488042315325854e-07,0.0,0.0,7.74402115766292e-08,0.999999999999997,0.0,0.0,0.0,0.0,0.0,0.0001382159583915855
2026-09-07T01:01:31.046546,0.8400000000000001,0.0,0.0,0.0,1.2807532812075806e-12,0.0,0.0,6.403766406037903e-13,1.0,0.0,0.0,0.0,0.0,0.0,0.00011601120044551367
2026-09-07T01:01:31.066167,0.8700000000000001,0.0,0.0,0.0,1.6807164504584193e-07,0.0,0.0,8.403582252292087e-08,0.9999999999999964,0.0,0.0,0.0,0.0,0.0,0.0005569425536539475
2026-09-07T01:01:31.085926,0.89,0.0,0.0,0.0,8.047100985564269e-08,0.0,0.0,4.023550492782134e-08,0.9999999999999992,0.0,0.0,0.0,0.0,0.0,-0.00021144612378624423
2026-09-07T01:01:31.121354,0.91,0.0,0.0,0.0,-2.1308015538679115e-06,0.0,0.0,-1.0654007769337541e-06,0.9999999999994325,0.0,0.0,0.0,0.0,0.0,0.0001340757119199413
2026-09-07T01:01:31.139450,0.93,0.0,0.0,0.0,2.6164699962194504e-07,0.0,0.0,1.3082349981097215e-07,0.9999999999999915,0.0,0.0,0.0,0.0,0.0,-4.1196741738909e-05
2026-09-07T01:01:31.163359,0.9500000000000001,0.0,0.0,0.0,1.7072174429699773e-06,0.0,0.0,8.536087214848849e-07,0.9999999999996356,0.0,0.0,0.0,0.0,0.0,0.00013793755707357263
2026-09-07T01:01:31.184672,0.9700000000000001,0.0,0.0,0.0,9.791970576600308e-07,0.0,0.0,4.895985288299957e-07,0.9999999999998801,0.0,0.0,0.0,0.0,0.0,-0.0001620045123930957
2026-09-07T01:01:31.206561,0.9900000000000001,0.0,0.0,0.0,-4.2949537526482134e-07,0.0,0.0,-2.1474768763240895e-07,0.9999999999999769,0.0,0.0,0.0,0.0,0.0,-0.00011155333523490507
2026-09-07T01:01:31.240406,1.0,0.0,0.0,0.0,-1.2869705301454815e-12,0.0,0.0,-6.434852650727407e-13,1.0,0.0,0.0,0.0,0.0,0.0,6.335450072532498e-05
2026-09-07T01:01:31.259481,1.03,0.0,0.0,0.0,7.766684460008834e-07,0.0,0.0,3.883342230004319e-07,0.9999999999999246,0.0,0.0,0.0,0.0,0.0,0.00040411609557846625
2026-09-07T01:01:31.291082,1.05,0.0,0.0,0.0,-2.4941093590413743e-07,0.0,0.0,-1.247054679520684e-07,0.9999999999999922,0.0,0.0,0.0,0.0,0.0,-0.00017095009385199004
2026-09-07T01:01:31.311763,1.06,0.0,0.0,0.0,-1.63113966777928e-12,0.0,0.0,-8.1556983388964e-13,1.0,0.0,0.0,0.0,0.0,0.0,0.0005865163759088703
2026-09-07T01:01:31.332533,1.09,0.0,0.0,0.0,-9.462126904224988e-07,0.0,0.0,-4.7310634521123176e-07,0.9999999999998881,0.0,0.0,0.0,0.0,0.0,2.6912114407864234e-05
2026-09-07T01:01:31.351264,1.11,0.0,0.0,0.0,4.663413490924028e-07,0.0,0.0,2.3317067454619932e-07,0.9999999999999728,0.0,0.0,0.0,0.0,0.0,-0.000103284588192542
2026-09-07T01:01:31.371470,1.13,0.0,0.0,0.0,-1.1597157283382842e-06,0.0,0.0,-5.798578641691096e-07,0.9999999999998319,0.0,0.0,0.0,0.0,0.0,3.346640945232779e-06
2026-09-07T01:01:31.394573,1.15,0.0,0.0,0.0,8.267051652133262e-07,0.0,0.0,4.133525826066513e-07,0.9999999999999146,0.0,0.0,0.0,0.0,0.0,0.0002389810785265854
2026-09-07T01:01:31.411910,1.17,0.0,0.0,0.0,3.207572483177046e-06,0.0,0.0,1.6037862415878353e-06,0.9999999999987139,0.0,0.0,0.0,0.0,0.0,4.203869748875571e-05
2026-09-07T01:01:31.431565,1.19,0.0,0.0,0.0,-4.634443429019087e-06,0.0,0.0,-2.3172217145074695e-06,0.9999999999973153,0.0,0.0,0.0,0.0,0.0,0.0002583213702913339
2026-09-07T01:01:31.451694,1.21,0.0,0.0,0.0,8.711259753546586e-07,0.0,0.0,4.355629876773155e-07,0.9999999999999052,0.0,0.0,0.0,0.0,0.0,4.07154197587214e-05
2026-09-07T01:01:31.471458,1.23,0.0,0.0,0.0,-2.3575371534967364e-06,0.0,0.0,-1.178768576748095e-06,0.9999999999993052,0.0,0.0,0.0,0.0,0.0,-0.00036009084348171175
2026-09-07T01:01:31.501248,1.25,0.0,0.0,0.0,-1.1208550509955728e-06,0.0,0.0,-5.604275254977571e-07,0.999999999999843,0.0,0.0,0.0,0.0,0.0,-5.7793948223047316e-05
2026-09-07T01:01:31.518795,1.27,0.0,0.0,0.0,-2.1698468799513648e-08,0.0,0.0,-1.0849234399756824e-08,0.9999999999999999,0.0,0.0,0.0,0.0,0.0,0.00011840288568380311
2026-09-07T01:01:31.536788,1.28,0.0,0.0,0.0,1.1625625271349806e-06,0.0,0.0,5.812812635674575e-07,0.999999999999831,0.0,0.0,0.0,0.0,0.0,0.00023449573991818633
2026-09-07T01:01:31.564148,1.31,0.0,0.0,0.0,3.044214747838225e-06,0.0,0.0,1.5221073739185248e-06,0.9999999999988416,0.0,0.0,0.0,0.0,0.0,-5.924793389085928e-05
2026-09-07T01:01:31.585558,1.33,0.0,0.0,0.0,6.804149195183129e-07,0.0,0.0,3.402074597591499e-07,0.9999999999999422,0.0,0.0,0.0,0.0,0.0,1.5304923917796952e-05
2026-09-07T01:01:31.604335,1.35,0.0,0.0,0.0,1.8140570574587398e-06,0.0,0.0,9.070285287292456e-07,0.9999999999995887,0.0,0.0,0.0,0.0,0.0,-3.6025726158894525e-05
2026-09-07T01:01:31.624615,1.37,0.0,0.0,0.0,3.0635705625670084e-06,0.0,0.0,1.5317852812829052e-06,0.9999999999988268,0.0,0.0,0.0,0.0,0.0,0.00031855683619444485
2026-09-07T01:01:31.644087,1.3900000000000001,0.0,0.0,0.0,9.179048266361178e-06,0.0,0.0,4.589524133164477e-06,0.9999999999894681,0.0,0.0,0.0,0.0,0.0,8.113364075422886e-05
2026-09-07T01:01:31.676387,1.4100000000000001,0.0,0.0,0.0,1.022406853845581e-05,0.0,0.0,5.11203426920564e-06,0.9999999999869336,0.0,0.0,0.0,0.0,0.0,0.00013424384088025161
2026-09-07T01:01:31.696845,1.4300000000000002,0.0,0.0,0.0,1.4864139505021967e-05,0.0,0.0,7.4320697524425645e-06,0.9999999999723822,0.0,0.0,0.0,0.0,0.0,0.00020505166273910056
2026-09-07T01:01:31.726456,1.45,0.0,0.0,0.0,1.5106669505104977e-05,0.0,0.0,7.553334752480664e-06,0.9999999999714736,0.0,0.0,0.0,0.0,0.0,0.000198000641105153
2026-09-07T01:01:31.744398,1.47,0.0,0.0,0.0,1.699360173201825e-05,0.0,0.0,8.496800865906886e-06,0.9999999999639022,0.0,0.0,0.0,0.0,0.0,0.00039315453930388513
2026-09-07T01:01:31.760240,1.49,0.0,0.0,0.0,2.0427123491373326e-05,0.0,0.0,1.0213561745509088e-05,0.9999999999478416,0.0,0.0,0.0,0.0,0.0,-0.0005032020461932581
2026-09-07T01:01:31.795530,1.51,0.0,0.0,0.0,1.3974260389737484e-05,0.0,0.0,6.987130194811888e-06,0.99999999997559,0.0,0.0,0.0,0.0,0.0,0.00010296370910933172
2026-09-07T01:01:31.818607,1.53,0.0,0.0,0.0,1.9879323826188514e-05,0.0,0.0,9.939661912930588e-06,0.9999999999506015,0.0,0.0,0.0,0.0,0.0,-0.000298266154544467
2026-09-07T01:01:31.840251,1.55,0.0,0.0,0.0,-2.320822129142641e-06,0.0,0.0,-1.1604110645710601e-06,0.9999999999993268,0.0,0.0,0.0,0.0,0.0,6.686808392475838e-05
2026-09-07T01:01:31.857598,1.57,0.0,0.0,0.0,-2.4146797241719753e-06,0.0,0.0,-1.2073398620856944e-06,0.9999999999992711,0.0,0.0,0.0,0.0,0.0,-0.00022906522063459404
2026-09-07T01:01:31.876047,1.59,0.0,0.0,0.0,3.749635320904332e-06,0.0,0.0,1.8748176604510676e-06,0.9999999999982425,0.0,0.0,0.0,0.0,0.0,-0.0001694583012770588
2026-09-07T01:01:31.904907,1.6099999999999999,0.0,0.0,0.0,-2.1590778942481847e-07,0.0,0.0,-1.0795389471240903e-07,0.9999999999999942,0.0,0.0,0.0,0.0,0.0,5.232893408029417e-05
2026-09-07T01:01:31.923513,1.63,0.0,0.0,0.0,-1.7237723790586301e-06,0.0,0.0,-8.618861895292083e-07,0.9999999999996286,0.0,0.0,0.0,0.0,0.0,-9.99001792956157e-05
2026-09-07T01:01:31.957797,1.65,0.0,0.0,0.0,-6.833463128685935e-08,0.0,0.0,-3.416731564342967e-08,0.9999999999999994,0.0,0.0,0.0,0.0,0.0,-1.654126531915213e-05
2026-09-07T01:01:31.976130,1.67,0.0,0.0,0.0,-1.961939444239391e-06,0.0,0.0,-9.809697221195382e-07,0.9999999999995188,0.0,0.0,0.0,0.0,0.0,2.923789391049057e-05
2026-09-07T01:01:31.996481,1.69,0.0,0.0,0.0,1.0808565473752198e-06,0.0,0.0,5.404282736875836e-07,0.999999999999854,0.0,0.0,0.0,0.0,0.0,-0.0001333951686565405
2026-09-07T01:01:32.029045,1.71,0.0,0.0,0.0,2.864810815683683e-06,0.0,0.0,1.4324054078413515e-06,0.9999999999989742,0.0,0.0,0.0,0.0,0.0,0.00010211748456857224
2026-09-07T01:01:32.049463,1.73,0.0,0.0,0.0,-3.864234569661563e-06,0.0,0.0,-1.932117284829579e-06,0.9999999999981335,0.0,0.0,0.0,0.0,0.0,7.099945988233569e-05
2026-09-07T01:01:32.069879,1.75,0.0,0.0,0.0,2.3384123570835418e-06,0.0,0.0,1.1692061785415043e-06,0.9999999999993164,0.0,0.0,0.0,0.0,0.0,-0.0002525823328559282
2026-09-07T01:01:32.092036,1.78,0.0,0.0,0.0,3.2249758419311547e-12,0.0,0.0,1.6124879209655774e-12,1.0,0.0,0.0,0.0,0.0,0.0,3.6067721665956545e-05
2026-09-07T01:01:32.109217,1.79,0.0,0.0,0.0,2.5153802063471176e-07,0.0,0.0,1.2576901031735553e-07,0.9999999999999921,0.0,0.0,0.0,0.0,0.0,-0.00016518074499807133
2026-09-07T01:01:32.139440,1.81,0.0,0.0,0.0,3.375692005924691e-07,0.0,0.0,1.6878460029623375e-07,0.9999999999999858,0.0,0.0,0.0,0.0,0.0,-0.0001892854813463201
2026-09-07T01:01:32.159174,1.83,0.0,0.0,0.0,-3.161349328095753e-06,0.0,0.0,-1.5806746640472182e-06,0.9999999999987508,0.0,0.0,0.0,0.0,0.0,-0.00020644316018710826
2026-09-07T01:01:32.185609,1.85,0.0,0.0,0.0,-2.7159839954826737e-06,0.0,0.0,-1.3579919977409195e-06,0.999999999999078,0.0,0.0,0.0,0.0,0.0,0.00015548815606109798
2026-09-07T01:01:32.202241,1.87,0.0,0.0,0.0,-7.462017950210508e-07,0.0,0.0,-3.7310089751051676e-07,0.9999999999999304,0.0,0.0,0.0,0.0,0.0,5.417115676255825e-05
2026-09-07T01:01:32.219357,1.8900000000000001,0.0,0.0,0.0,1.3912129963600253e-06,0.0,0.0,6.956064981799564e-07,0.9999999999997581,0.0,0.0,0.0,0.0,0.0,-0.00024216498869512995
2026-09-07T01:01:32.254161,1.9100000000000001,0.0,0.0,0.0,3.523438178998362e-06,0.0,0.0,1.7617190894982696e-06,0.9999999999984481,0.0,0.0,0.0,0.0,0.0,-2.375413891412485e-05
2026-09-07T01:01:32.275633,1.9300000000000002,0.0,0.0,0.0,2.7443250925074385e-06,0.0,0.0,1.3721625462532885e-06,0.9999999999990585,0.0,0.0,0.0,0.0,0.0,0.0002415669528297626
2026-09-07T01:01:32.296730,1.9500000000000002,0.0,0.0,0.0,2.886503764010229e-06,0.0,0.0,1.4432518820046133e-06,0.9999999999989585,0.0,0.0,0.0,0.0,0.0,-0.00037849362562596085
2026-09-07T01:01:32.315531,1.96,0.0,0.0,0.0,-7.482903185973555e-13,0.0,0.0,-3.7414515929867775e-13,1.0,0.0,0.0,0.0,0.0,0.0,-0.00019238578663601283
2026-09-07T01:01:32.336941,2.0,0.0,0.0,0.0,-5.0106585547382565e-12,0.0,0.0,-2.5053292773691282e-12,1.0,0.0,0.0,0.0,0.0,0.0,-0.00034000705935286206
2026-09-07T01:01:32.375576,2.01,0.0,0.0,0.0,1.5418726801996745e-06,0.0,0.0,7.709363400997607e-07,0.9999999999997028,0.0,0.0,0.0,0.0,0.0,9.631684173575975e-05
2026-09-07T01:01:32.394914,2.03,0.0,0.0,0.0,6.011213771195401e-07,0.0,0.0,3.0056068855976553e-07,0.9999999999999548,0.0,0.0,0.0,0.0,0.0,0.00032451610988544705
2026-09-07T01:01:32.414708,2.05,0.0,0.0,0.0,-2.960659637452069e-07,0.0,0.0,-1.4803298187260286e-07,0.999999999999989,0.0,0.0,0.0,0.0,0.0,-0.00019582713563251342
2026-09-07T01:01:32.435274,2.07,0.0,0.0,0.0,1.1615903137141006e-06,0.0,0.0,5.807951568570176e-07,0.9999999999998314,0.0,0.0,0.0,0.0,0.0,0.00027419026538130764
2026-09-07T01:01:32.454798,2.09,0.0,0.0,0.0,9.599984096553273e-08,0.0,0.0,4.7999920482766336e-08,0.9999999999999989,0.0,0.0,0.0,0.0,0.0,0.00016270107752275827
2026-09-07T01:01:32.474173,2.11,0.0,0.0,0.0,8.526209320791623e-07,0.0,0.0,4.263104660395682e-07,0.9999999999999092,0.0,0.0,0.0,0.0,0.0,-5.182327057848222e-05
2026-09-07T01:01:32.496318,2.13,0.0,0.0,0.0,3.0077481572021733e-06,0.0,0.0,1.5038740786005194e-06,0.9999999999988691,0.0,0.0,0.0,0.0,0.0,-0.0001264404310038935
2026-09-07T01:01:32.515026,2.15,0.0,0.0,0.0,8.28454124413014e-07,0.0,0.0,4.142270622064951e-07,0.9999999999999142,0.0,0.0,0.0,0.0,0.0,-4.0118909856895756e-05
2026-09-07T01:01:32.534657,2.17,0.0,0.0,0.0,2.4425290101603987e-06,0.0,0.0,1.221264505079896e-06,0.9999999999992543,0.0,0.0,0.0,0.0,0.0,-0.0002114501363449996
2026-09-07T01:01:32.554562,2.19,0.0,0.0,0.0,6.008776316068776e-06,0.0,0.0,3.004388158029868e-06,0.9999999999954868,0.0,0.0,0.0,0.0,0.0,-8.107176866968145e-05
2026-09-07T01:01:32.574754,2.21,0.0,0.0,0.0,-9.726116561026288e-07,0.0,0.0,-4.863058280512952e-07,0.9999999999998818,0.0,0.0,0.0,0.0,0.0,0.0001983819436055442
2026-09-07T01:01:32.594525,2.23,0.0,0.0,0.0,-9.410795196451716e-07,0.0,0.0,-4.705397598225684e-07,0.9999999999998893,0.0,0.0,0.0,0.0,0.0,-0.00029362809292659067
2026-09-07T01:01:32.619618,2.25,0.0,0.0,0.0,2.7141017473475415e-06,0.0,0.0,1.3570508736733542e-06,0.9999999999990792,0.0,0.0,0.0,0.0,0.0,-2.4389754230426852e-05
2026-09-07T01:01:32.636412,2.27,0.0,0.0,0.0,2.61138085111412e-06,0.0,0.0,1.305690425556689e-06,0.9999999999991476,0.0,0.0,0.0,0.0,0.0,0.0004121439105861283
2026-09-07T01:01:32.654436,2.29,0.0,0.0,0.0,6.344287402093586e-07,0.0,0.0,3.1721437010467394e-07,0.9999999999999497,0.0,0.0,0.0,0.0,0.0,-0.00015811440852371667
2026-09-07T01:01:32.681623,2.31,0.0,0.0,0.0,1.8733562701100934e-06,0.0,0.0,9.366781350549098e-07,0.9999999999995614,0.0,0.0,0.0,0.0,0.0,0.0001552802048791385
2026-09-07T01:01:32.697609,2.33,0.0,0.0,0.0,-1.4894261326503515e-06,0.0,0.0,-7.447130663251067e-07,0.9999999999997227,0.0,0.0,0.0,0.0,0.0,-0.0003535335358103744
2026-09-07T01:01:32.728754,2.35,0.0,0.0,0.0,-5.00168327999262e-06,0.0,0.0,-2.500841639993703e-06,0.999999999996873,0.0,0.0,0.0,0.0,0.0,0.0001615071630286176
2026-09-07T01:01:32.747697,2.37,0.0,0.0,0.0,2.5407210602068636e-07,0.0,0.0,1.270360530103428e-07,0.9999999999999919,0.0,0.0,0.0,0.0,0.0,-0.0003552495731023492
2026-09-07T01:01:32.767535,2.39,0.0,0.0,0.0,-6.819534923430126e-07,0.0,0.0,-3.409767461714997e-07,0.9999999999999418,0.0,0.0,0.0,0.0,0.0,0.0004467208944784089
2026-09-07T01:01:32.791225,2.41,0.0,0.0,0.0,1.927667276468981e-06,0.0,0.0,9.63833638234341e-07,0.9999999999995355,0.0,0.0,0.0,0.0,0.0,6.33439237776923e-06
2026-09-07T01:01:32.809147,2.43,0.0,0.0,0.0,3.1467801075990565e-07,0.0,0.0,1.5733900537995216e-07,0.9999999999999877,0.0,0.0,0.0,0.0,0.0,9.57195533094752e-05
2026-09-07T01:01:32.828493,2.45,0.0,0.0,0.0,-1.0666867198416696e-06,0.0,0.0,-5.333433599208095e-07,0.9999999999998578,0.0,0.0,0.0,0.0,0.0,0.0003261269290837214
2026-09-07T01:01:32.847255,2.47,0.0,0.0,0.0,-2.806721897119502e-06,0.0,0.0,-1.4033609485592903e-06,0.9999999999990153,0.0,0.0,0.0,0.0,0.0,9.619778610800607e-05
2026-09-07T01:01:32.869996,2.49,0.0,0.0,0.0,2.137500083598809e-06,0.0,0.0,1.068750041799201e-06,0.9999999999994289,0.0,0.0,0.0,0.0,0.0,-4.332473668799817e-05
2026-09-07T01:01:32.896800,2.51,0.0,0.0,0.0,-3.942388578703771e-06,0.0,0.0,-1.9711942893506088e-06,0.9999999999980572,0.0,0.0,0.0,0.0,0.0,0.0002249824352878692
2026-09-07T01:01:32.924300,2.5300000000000002,0.0,0.0,0.0,-3.5077956161977397e-06,0.0,0.0,-1.7538978080979707e-06,0.9999999999984619,0.0,0.0,0.0,0.0,0.0,-2.333641124407541e-05
2026-09-07T01:01:32.959592,2.56,0.0,0.0,0.0,-1.7763568394002505e-12,0.0,0.0,-8.881784197001252e-13,1.0,0.0,0.0,0.0,0.0,0.0,-5.573174542271537e-05
2026-09-07T01:01:32.977293,2.5700000000000003,0.0,0.0,0.0,-8.269657505444171e-07,0.0,0.0,-4.134828752721968e-07,0.9999999999999145,0.0,0.0,0.0,0.0,0.0,-7.895411182023611e-05
2026-09-07T01:01:32.999569,2.59,0.0,0.0,0.0,4.943398965728817e-07,0.0,0.0,2.4716994828643836e-07,0.9999999999999695,0.0,0.0,0.0,0.0,0.0,0.000375907150370522
2026-09-07T01:01:33.034436,2.61,0.0,0.0,0.0,-2.842005568659545e-06,0.0,0.0,-1.4210027843292942e-06,0.9999999999989904,0.0,0.0,0.0,0.0,0.0,9.932533840129249e-05
2026-09-07T01:01:33.053140,2.63,0.0,0.0,0.0,-1.3569153272108279e-06,0.0,0.0,-6.78457663605362e-07,0.9999999999997699,0.0,0.0,0.0,0.0,0.0,-7.34378542090794e-05
2026-09-07T01:01:33.073248,2.65,0.0,0.0,0.0,-5.143899008963614e-07,0.0,0.0,-2.571949504481779e-07,0.9999999999999669,0.0,0.0,0.0,0.0,0.0,8.460240510971521e-05
2026-09-07T01:01:33.101998,2.67,0.0,0.0,0.0,-5.213829088468458e-07,0.0,0.0,-2.6069145442341993e-07,0.999999999999966,0.0,0.0,0.0,0.0,0.0,4.805261421847779e-05
2026-09-07T01:01:33.124380,2.69,0.0,0.0,0.0,-3.028258125148398e-06,0.0,0.0,-1.5141290625736202e-06,0.9999999999988537,0.0,0.0,0.0,0.0,0.0,3.997516644942199e-05
2026-09-07T01:01:33.150249,2.7,0.0,0.0,0.0,-2.190247982980509e-12,0.0,0.0,-1.0951239914902544e-12,1.0,0.0,0.0,0.0,0.0,0.0,0.00012026085452736909
2026-09-07T01:01:33.171609,2.74,0.0,0.0,0.0,1.0476064460362977e-12,0.0,0.0,5.238032230181489e-13,1.0,0.0,0.0,0.0,0.0,0.0,7.596969435042674e-05
2026-09-07T01:01:33.213066,2.75,0.0,0.0,0.0,-1.394571488066987e-06,0.0,0.0,-6.972857440334369e-07,0.9999999999997569,0.0,0.0,0.0,0.0,0.0,-5.557836352897456e-05
2026-09-07T01:01:33.244227,2.77,0.0,0.0,0.0,5.1324996253043764e-08,0.0,0.0,2.566249812652188e-08,0.9999999999999997,0.0,0.0,0.0,0.0,0.0,-8.464832297598063e-05
2026-09-07T01:01:33.270989,2.79,0.0,0.0,0.0,-2.543004431476703e-06,0.0,0.0,-1.271502215738009e-06,0.9999999999991916,0.0,0.0,0.0,0.0,0.0,6.321322225495967e-05
2026-09-07T01:01:33.325015,2.81,0.0,0.0,0.0,1.6827318214396312e-06,0.0,0.0,8.413659107197164e-07,0.9999999999996461,0.0,0.0,0.0,0.0,0.0,-0.00013402569235008923
2026-09-07T01:01:33.345868,2.83,0.0,0.0,0.0,-4.770923904828805e-07,0.0,0.0,-2.38546195241438e-07,0.9999999999999716,0.0,0.0,0.0,0.0,0.0,0.00023115829061550976
2026-09-07T01:01:33.376610,2.85,0.0,0.0,0.0,2.253306515598297e-06,0.0,0.0,1.12665325779891e-06,0.9999999999993653,0.0,0.0,0.0,0.0,0.0,1.5008738623833025e-05
2026-09-07T01:01:33.396462,2.87,-1.5020143250210755e-17,1.4414253861111025e-25,0.0,2.328244540272806e-06,0.0,0.0,1.16412227013614e-06,0.9999999999993224,-5.016925204954194e-16,1.444041252890513e-23,0.0,0.0,0.0,-0.00012732654634645967
2026-09-07T01:01:33.416439,2.9,-2.944693111906841e-17,-2.875674269161125e-30,0.0,2.737365889515786e-12,0.0,0.0,1.368682944757893e-12,1.0,-4.770489842905681e-16,2.612002984859653e-23,0.0,0.0,0.0,9.142777451696622e-05
2026-09-07T01:01:33.460206,2.91,-3.423123315537432e-17,2.616439387646272e-25,0.0,-2.4284550859121623e-06,0.0,0.0,-1.2142275429557828e-06,0.9999999999992628,-4.798114229706148e-16,2.621027698456011e-23,0.0,0.0,0.0,-0.00023003496529751626
2026-09-07T01:01:33.479870,2.93,-4.355494866202239e-17,2.58078985413876e-25,0.0,1.09877441145656e-06,0.0,0.0,5.493872057282524e-07,0.9999999999998491,-4.710531707531282e-16,2.5849347121440107e-23,0.0,0.0,0.0,0.0001284373078026271
2026-09-07T01:01:33.522533,2.95,-5.274856435913248e-17,2.487558422377064e-25,0.0,-1.8958295320281595e-06,0.0,0.0,-9.479147660139377e-07,0.9999999999995507,-4.622958174355427e-16,2.4917865191748792e-23,0.0,0.0,0.0,-0.00010714826796707351
2026-09-07T01:01:33.541664,2.97,-6.168197612241406e-17,2.284318374358134e-25,0.0,-2.872954102173253e-06,0.0,0.0,-1.4364770510861325e-06,0.9999999999989683,-4.535393556063921e-16,2.287951562328927e-23,0.0,0.0,0.0,-0.0001896938505693026
2026-09-07T01:01:33.562240,2.99,-7.061552180207273e-17,2.0427767957090721e-25,0.0,8.193407583512169e-07,0.0,0.0,4.09670379175597e-07,0.9999999999999161,-4.491465332851874e-16,2.045897849337274e-23,0.0,0.0,0.0,0.00019924042559698137
2026-09-07T01:01:33.581262,3.01,-7.941896646837175e-17,1.7311568837259667e-25,0.0,-1.8068628317990942e-06,0.0,0.0,-9.034314158994242e-07,0.9999999999995919,-4.447543213978051e-16,1.7339926926018033e-23,0.0,0.0,0.0,0.0003724930103818541
2026-09-07T01:01:33.603991,3.03,-8.800544372686715e-17,4.4875881223537436e-26,0.0,-4.8309546540892265e-06,0.0,0.0,-2.415477327042264e-06,0.9999999999970828,-4.359998933010485e-16,4.4922442201899415e-24,0.0,0.0,0.0,0.00019787851747476884
2026-09-07T01:01:33.626375,3.05,-9.602761967117692e-17,-9.637371327831739e-26,0.0,-1.7866858224024895e-06,0.0,0.0,-8.93342911201126e-07,0.999999999999601,-4.0979495513401095e-16,-9.659119421714506e-24,0.0,0.0,0.0,0.000337592720488974
2026-09-07T01:01:33.645375,3.07,-1.0409369409373726e-16,-2.0517624666791647e-25,0.0,1.106066965572694e-06,0.0,0.0,5.530334827863188e-07,0.9999999999998471,-4.0104348548304465e-16,-2.0556281131556394e-23,0.0,0.0,0.0,-3.689720386531678e-05
2026-09-07T01:01:33.662808,3.09,-1.1220340227967106e-16,-1.7087194390261345e-25,0.0,-1.8110418733563447e-06,0.0,0.0,-9.055209366780487e-07,0.99999999999959,-4.010187074746669e-16,-1.7118549870341838e-23,0.0,0.0,0.0,-0.00019153297498524026
2026-09-07T01:01:33.685608,3.11,-1.2005277317607233e-16,-1.6471013153640079e-25,0.0,-1.633697165992487e-06,0.0,0.0,-8.168485829961527e-07,0.9999999999996664,-3.9663128490615993e-16,-1.6502813204823833e-23,0.0,0.0,0.0,-0.0002723920822300736
2026-09-07T01:01:33.703797,3.14,-1.3149203971444068e-16,3.9041702993502077e-31,0.0,-2.142730437526552e-12,0.0,0.0,-1.071365218763276e-12,1.0,-3.8163918948503936e-16,-1.41644735328086e-23,0.0,0.0,0.0,-0.00010908063140026416
2026-09-07T01:01:33.721805,3.15,-1.3531771117865864e-16,-1.419070447877764e-25,0.0,9.399170854962336e-07,0.0,0.0,4.6995854274809946e-07,0.9999999999998895,-3.834951033585518e-16,-1.4217810909232514e-23,0.0,0.0,0.0,9.101693579089684e-05
2026-09-07T01:01:33.741382,3.17,-1.4286364581623416e-16,-1.4007106001611225e-25,0.0,2.094202046887261e-06,0.0,0.0,1.0471010234434392e-06,0.9999999999994518,-3.83472650276016e-16,-1.4032223194757632e-23,0.0,0.0,0.0,-0.0001678725898594425
2026-09-07T01:01:33.761719,3.19,-1.5001874494888162e-16,-6.611372101393713e-26,0.0,-2.482962550676149e-06,0.0,0.0,-1.2414812753377555e-06,0.9999999999992294,-3.6599831441233027e-16,-6.623088506747295e-24,0.0,0.0,0.0,-0.00032891282174650645
2026-09-07T01:01:33.783138,3.21,-1.573478476987498e-16,-4.9363347053973433e-26,0.0,-2.651431740829935e-07,0.0,0.0,-1.3257158704149634e-07,0.9999999999999912,-3.659776140446712e-16,-4.947455359431124e-24,0.0,0.0,0.0,-0.00014133880202970328
2026-09-07T01:01:33.802428,3.23,-1.642427461224169e-16,-2.5768651102995732e-26,0.0,1.7333126671736922e-06,0.0,0.0,8.666563335867375e-07,0.9999999999996244,-3.485048319817259e-16,-2.5824297133031047e-24,0.0,0.0,0.0,-0.0001387259687274544
2026-09-07T01:01:33.827857,3.25,-1.7100780966328776e-16,3.1135570722365593e-26,0.0,-2.545013144672481e-06,0.0,0.0,-1.272506572335897e-06,0.9999999999991903,-3.39759646637589e-16,3.1189723983175185e-24,0.0,0.0,0.0,9.499019073727215e-05
2026-09-07T01:01:33.844246,3.27,-1.7790337639638862e-16,-3.3872584415715004e-26,0.0,-1.4111594737187263e-07,0.0,0.0,-7.055797368593625e-08,0.9999999999999976,-3.4410468620162636e-16,-3.3950468977993124e-24,0.0,0.0,0.0,-0.0005004874861987856
2026-09-07T01:01:33.862375,3.29,-1.843213675812393e-16,5.680772997810753e-26,0.0,-4.3305751518118996e-07,0.0,0.0,-2.1652875759059328e-07,0.9999999999999766,-3.3099703005426456e-16,5.689547791178111e-24,0.0,0.0,0.0,0.00013590043634593293
2026-09-07T01:01:33.884224,3.31,-1.9073949524681413e-16,2.4437505254225829e-26,0.0,-3.33820881159852e-06,0.0,0.0,-1.6691044057984849e-06,0.999999999998607,-3.222536216886225e-16,2.4472570878407006e-24,0.0,0.0,0.0,-3.841666693504169e-05
2026-09-07T01:01:33.902465,3.33,-1.9707102287571172e-16,-2.5406857053025057e-26,0.0,5.317927150194635e-06,0.0,0.0,2.658963575094184e-06,0.9999999999964649,-3.1787421458130513e-16,-2.5474484818158795e-24,0.0,0.0,0.0,0.00020713941922817015
2026-09-07T01:01:33.930872,3.35,-2.031422125991586e-16,2.3309212616937213e-26,0.0,1.0970619550576544e-06,0.0,0.0,5.485309775287997e-07,0.9999999999998496,-3.0913207876115393e-16,2.3366884749987965e-24,0.0,0.0,0.0,0.0002054315218545957
2026-09-07T01:01:33.946966,3.37,-2.0921367023979888e-16,6.2212294859597794e-27,0.0,-2.1090758957065248e-06,0.0,0.0,-1.054537947853067e-06,0.999999999999444,-3.0911719981564157e-16,6.230982454211865e-25,0.0,0.0,0.0,-0.00016190658258202848
2026-09-07T01:01:33.962179,3.39,-2.1511125991840383e-16,5.362893239305459e-28,0.0,7.353883098026869e-07,0.0,0.0,3.676941549013352e-07,0.9999999999999324,-2.960127246820256e-16,5.194967602051885e-26,0.0,0.0,0.0,1.3301097826005651e-05
2026-09-07T01:01:34.003751,3.41,-2.2074864623294957e-16,9.257775413571816e-27,0.0,-9.595837391351836e-07,0.0,0.0,-4.797918695675734e-07,0.9999999999998849,-2.8290930269427936e-16,9.269258659294007e-25,0.0,0.0,0.0,0.00041650688498485143
2026-09-07T01:01:34.023507,3.43,-2.2638630260272684e-16,-6.970939460622392e-26,0.0,-1.6471922470451261e-06,0.0,0.0,-8.2359612352247e-07,0.9999999999996608,-2.7853355217605985e-16,-6.984159189149643e-24,0.0,0.0,0.0,8.004160364287081e-05
2026-09-07T01:01:34.051456,3.45,-2.32024094007092e-16,-1.0636432646963914e-25,0.0,-3.1131912341386685e-06,0.0,0.0,-1.5565956170687055e-06,0.9999999999987885,-2.785215867465682e-16,-1.0656663620400055e-23,0.0,0.0,0.0,-0.00026808933981882575
2026-09-07T01:01:34.066753,3.46,-2.3462135026497666e-16,2.2560512073931976e-31,0.0,-4.827249711070181e-12,0.0,0.0,-2.4136248555350903e-12,1.0,-2.6888215972701296e-16,-1.0705425141359483e-23,0.0,0.0,0.0,0.00047558879979225937
2026-09-07T01:01:34.083969,3.49,-2.42822500713004e-16,-6.079067283483249e-26,0.0,-2.698111902343925e-06,0.0,0.0,-1.3490559511715533e-06,0.9999999999990901,-2.7413539628134533e-16,-6.0884065515547116e-24,0.0,0.0,0.0,-0.00024172286005918193
2026-09-07T01:01:34.109870,3.51,-2.478091109806453e-16,-5.824995087742217e-26,0.0,-1.363269811260892e-06,0.0,0.0,-6.816349056303932e-07,0.9999999999997677,-2.5230731312810663e-16,-5.836787910380897e-24,0.0,0.0,0.0,-0.00037153577516132303
2026-09-07T01:01:34.125485,3.5300000000000002,-2.530133662251017e-16,-2.5838003536793966e-26,0.0,-2.8128845572794603e-06,0.0,0.0,-1.4064422786392664e-06,0.999999999999011,-2.566611891033487e-16,-2.5894074886153494e-24,0.0,0.0,0.0,6.756112255067447e-05
2026-09-07T01:01:34.144262,3.55,-2.5813061924124543e-16,-7.458639681731949e-26,0.0,-6.131897025696276e-07,0.0,0.0,-3.0659485128480897e-07,0.999999999999953,-2.5228810701279423e-16,-7.473070355134051e-24,0.0,0.0,0.0,-8.984720513775414e-05
2026-09-07T01:01:34.163096,3.5700000000000003,-2.6316127106454293e-16,-6.945802411425497e-26,0.0,-1.96386071626975e-06,0.0,0.0,-9.81930358134717e-07,0.9999999999995179,-2.5227885132513164e-16,-6.958604115592629e-24,0.0,0.0,0.0,-0.00011881863538378496
2026-09-07T01:01:34.184652,3.59,-2.681051873568407e-16,-7.802009151612647e-26,0.0,1.1291580026551173e-07,0.0,0.0,5.6457900132755834e-08,0.9999999999999984,-2.522697111862229e-16,-7.816739821145343e-24,0.0,0.0,0.0,0.000502006726331655
2026-09-07T01:01:34.203514,3.61,-2.7274512806513417e-16,-1.4532039782086538e-25,0.0,-6.50416350111982e-07,0.0,0.0,-3.2520817505598526e-07,0.9999999999999472,-2.39170319956531e-16,-1.455763654495107e-23,0.0,0.0,0.0,0.00023787447962875523
2026-09-07T01:01:34.223001,3.63,-2.7738534000591627e-16,-1.8267372413846951e-25,0.0,-2.983475759776866e-07,0.0,0.0,-1.4917378798884273e-07,0.9999999999999889,-2.3479888335057285e-16,-1.829994398874019e-23,0.0,0.0,0.0,9.154073831685287e-05
2026-09-07T01:01:34.257986,3.65,-2.818519486360437e-16,-1.9537323717778592e-25,0.0,1.0453485486117131e-06,0.0,0.0,5.226742743058327e-07,0.9999999999998634,-2.260643892229966e-16,-1.9571954370369834e-23,0.0,0.0,0.0,-6.873805726470447e-06
2026-09-07T01:01:34.277456,3.67,-2.863621955365901e-16,-1.7858996825944415e-25,0.0,-1.2300164433654006e-06,0.0,0.0,-6.150082216826614e-07,0.9999999999998109,-2.2605759655932006e-16,-1.789000852784813e-23,0.0,0.0,0.0,9.257078302243028e-05
2026-09-07T01:01:34.298343,3.69,-2.9065533581844484e-16,-2.015810540580575e-25,0.0,-1.4725497261558473e-06,0.0,0.0,-7.362748630778572e-07,0.999999999999729,-2.1732388060829046e-16,-2.0193651909674844e-23,0.0,0.0,0.0,9.81290858563153e-06
2026-09-07T01:01:34.322018,3.71,-2.9494861282173977e-16,-2.1716105147136367e-25,0.0,1.3950877568724707e-06,0.0,0.0,6.975438784361788e-07,0.9999999999997568,-2.1295438252189497e-16,-2.175433435433281e-23,0.0,0.0,0.0,-0.00015948312870114
2026-09-07T01:01:34.338989,3.73,-2.991986574835724e-16,-1.7859519705995942e-25,0.0,-1.3836159276081619e-06,0.0,0.0,-6.918079638040257e-07,0.9999999999997607,-2.1294881603049191e-16,-1.7889791147113002e-23,0.0,0.0,0.0,0.00019025597582742197
2026-09-07T01:01:34.366829,3.75,-3.033619664464448e-16,-2.139850445919764e-25,0.0,3.846260896001041e-06,0.0,0.0,1.9231304479993353e-06,0.9999999999981508,-2.129433228225353e-16,-2.1435513118423452e-23,0.0,0.0,0.0,-0.00011741763359085679
2026-09-07T01:01:34.382582,3.77,-3.0739490394255656e-16,-1.551864412371741e-25,0.0,3.897341547265398e-07,0.0,0.0,1.9486707736326867e-07,0.999999999999981,-2.0421077134166002e-16,-1.554348233077176e-23,0.0,0.0,0.0,-0.00014002788591508145
2026-09-07T01:01:34.398252,3.79,-3.111675024842268e-16,-1.3292691959397773e-25,0.0,1.5901857683964238e-06,0.0,0.0,7.950928841981281e-07,0.9999999999996839,-1.9111532905549247e-16,-1.3314251561694883e-23,0.0,0.0,0.0,0.00013008403035628239
2026-09-07T01:01:34.444576,3.8,-3.1324769154786504e-16,-5.931617302066225e-31,0.0,2.4082957850168896e-12,0.0,0.0,1.2041478925084448e-12,1.0,-1.9949318377309026e-16,-1.2567472751354938e-23,0.0,0.0,0.0,-0.0004322884262979468
2026-09-07T01:01:34.467001,3.83,-3.1901708636825936e-16,-1.7941384802460333e-25,0.0,-1.6487944436427426e-06,0.0,0.0,-8.243972218212779e-07,0.9999999999996602,-1.9110737316142562e-16,-1.7972156888747868e-23,0.0,0.0,0.0,9.874142080404434e-05
2026-09-07T01:01:34.528549,3.85,-3.225729836468421e-16,-2.0268355397426535e-25,0.0,2.0137696759015004e-06,0.0,0.0,1.00688483795058e-06,0.9999999999994931,-1.8237657801718504e-16,-2.0302453269420717e-23,0.0,0.0,0.0,-0.00016821097223759042
2026-09-07T01:01:34.548573,3.87,-3.2621588838141485e-16,-1.6186613671527248e-25,0.0,2.432852447498135e-06,0.0,0.0,1.2164262237487674e-06,0.9999999999992601,-1.8237370840621618e-16,-1.621229367082011e-23,0.0,0.0,0.0,-0.0002602925023431501
2026-09-07T01:01:34.571520,3.89,-3.2985879359081883e-16,-1.0792698292520727e-25,0.0,-1.2044124071408646e-06,0.0,0.0,-6.022062035703959e-07,0.9999999999998187,-1.8237089039377277e-16,-1.0808305568899804e-23,0.0,0.0,0.0,0.0001733158101391867
2026-09-07T01:01:34.631098,3.9,-3.3176586469605107e-16,2.4049176073510824e-30,0.0,4.4009240696141205e-13,0.0,0.0,2.2004620348070603e-13,1.0,-1.8214596586656982e-16,-1.3651061088940914e-23,0.0,0.0,0.0,-1.0428529456705274e-05
2026-09-07T01:01:34.655215,3.93,-3.369708639498335e-16,-1.4115286255049218e-25,0.0,-1.0187697503383222e-06,0.0,0.0,-5.09384875169139e-07,0.9999999999998702,-1.736380515036249e-16,-1.4137113217337318e-23,0.0,0.0,0.0,-2.9003577008643753e-05
2026-09-07T01:01:34.699624,3.95,-3.405706730397214e-16,-1.4642120745524328e-25,0.0,-2.3780488240809916e-06,0.0,0.0,-1.1890244120402156e-06,0.9999999999992931,-1.823633047360438e-16,-1.4665023136636716e-23,0.0,0.0,0.0,5.014415582154104e-05
2026-09-07T01:01:34.720593,3.97,-3.4369262515938234e-16,-1.676614307805979e-25,0.0,-8.548909846695095e-07,0.0,0.0,-4.274454923347418e-07,0.9999999999999086,-1.6490593913499895e-16,-1.6792995222538875e-23,0.0,0.0,0.0,0.00021598791773284984
2026-09-07T01:01:34.741656,3.99,-3.453406067308486e-16,-1.8493859260414254e-25,0.0,-2.569809856023397e-06,0.0,0.0,-1.284904928011345e-06,0.9999999999991745,-1.649045501513219e-16,-1.8523245765833315e-23,0.0,0.0,0.0,-0.00037228673792782084
2026-09-07T01:01:34.789812,4.01,-3.500242162011946e-16,-1.9166873306114186e-25,0.0,1.4459932899946182e-06,0.0,0.0,7.229966449972461e-07,0.9999999999997387,-1.6053957013730476e-16,-1.9197957026320867e-23,0.0,0.0,0.0,-2.8174020061531868e-05
2026-09-07T01:01:34.812640,4.03,-3.5319008313486156e-16,-1.7330961287537824e-25,0.0,3.452151161820183e-06,0.0,0.0,1.7260755809092342e-06,0.9999999999985103,-1.6053859759146544e-16,-1.7357421859750983e-23,0.0,0.0,0.0,-8.282637516410392e-05
2026-09-07T01:01:34.867247,4.05,-3.5631244615618365e-16,-1.3301013032682178e-25,0.0,7.349290869207436e-07,0.0,0.0,3.6746454346036357e-07,0.9999999999999325,-1.5617393764390143e-16,-1.3319505668474372e-23,0.0,0.0,0.0,0.00013396652673031148
2026-09-07T01:01:34.890958,4.07,-3.5904409462150263e-16,-1.37358828011099e-25,0.0,-3.2536677672112546e-06,0.0,0.0,-1.6268338836049097e-06,0.9999999999986767,-1.3871845395993228e-16,-1.3755524233173166e-23,0.0,0.0,0.0,-0.00012128321963393335
2026-09-07T01:01:34.917145,4.09,-3.6199339678366146e-16,-1.534584429381479e-25,0.0,-2.782465049477878e-07,0.0,0.0,-1.3912325247389345e-07,0.9999999999999903,-1.4744660834834837e-16,-1.536918754328477e-23,0.0,0.0,0.0,-3.9413713177582084e-05
2026-09-07T01:01:34.965839,4.11,-3.6468194964963377e-16,-1.4957935207577753e-25,0.0,-4.929025927413733e-06,0.0,0.0,-2.4645129637043714e-06,0.9999999999969631,-1.3871921754450182e-16,-1.4979761400263596e-23,0.0,0.0,0.0,-7.795098975114283e-05
2026-09-07T01:01:34.983915,4.13,-3.675008785992562e-16,-1.8089331166733417e-25,0.0,2.2545925362216224e-06,0.0,0.0,1.1272962681105723e-06,0.9999999999993646,-1.3871992981287014e-16,-1.8117632806365276e-23,0.0,0.0,0.0,0.00018104768279067097
2026-09-07T01:01:35.003163,4.15,-3.7031994257195706e-16,-1.7411220102536317e-25,0.0,2.465780766236492e-06,0.0,0.0,1.2328903831179335e-06,0.9999999999992399,-1.4308439884863473e-16,-1.7436602247263196e-23,0.0,0.0,0.0,0.0003533209128779285
2026-09-07T01:01:35.022327,4.17,-3.7318223825477494e-16,-1.7983473430336325e-25,0.0,-8.388782619661583e-07,0.0,0.0,-4.194391309830669e-07,0.9999999999999121,-1.4308478400035613e-16,-1.8009598478201386e-23,0.0,0.0,0.0,-5.818838527057059e-05
2026-09-07T01:01:35.042375,4.19,-3.757840559778508e-16,-1.7786674794910753e-25,0.0,-1.1077061654596323e-06,0.0,0.0,-5.538530827297878e-07,0.9999999999998467,-1.3435762539627795e-16,-1.7813054226424505e-23,0.0,0.0,0.0,-4.021396701165531e-05
2026-09-07T01:01:35.077112,4.21,-3.7825577235515116e-16,-1.7917495514519767e-25,0.0,1.0500272873414929e-07,0.0,0.0,5.250136436707462e-08,0.9999999999999987,-1.2563110181366767e-16,-1.794394904211633e-23,0.0,0.0,0.0,-4.682446885658538e-05
2026-09-07T01:01:35.095752,4.23,-3.809881047189746e-16,-1.7193930791290661e-25,0.0,-1.9231957684162637e-06,0.0,0.0,-9.615978842079836e-07,0.9999999999995377,-1.2999656188829748e-16,-1.721865948979526e-23,0.0,0.0,0.0,1.9070306489534048e-05
2026-09-07T01:01:35.116484,4.25,-3.834164548830735e-16,-1.832388421162134e-25,0.0,-3.6029644601143223e-07,0.0,0.0,-1.801482230057151e-07,0.9999999999999838,-1.2127033931918623e-16,-1.8350814247736982e-23,0.0,0.0,0.0,-0.00013219421340060332
2026-09-07T01:01:35.140342,4.27,-3.8597531658588624e-16,-1.73733224501417e-25,0.0,-7.089652114267153e-07,0.0,0.0,-3.5448260571335025e-07,0.9999999999999372,-1.2563611068933503e-16,-1.739811701705571e-23,0.0,0.0,0.0,-0.00030949391472383177
2026-09-07T01:01:35.161514,4.29,-3.8836043484622447e-16,-1.5328227209088473e-25,0.0,5.003643899215149e-07,0.0,0.0,2.5018219496075485e-07,0.9999999999999687,-1.212739549581224e-16,-1.5349181055321867e-23,0.0,0.0,0.0,-0.00028413746333891146
2026-09-07T01:01:35.206561,4.31,-3.908757934119276e-16,-1.2728289479486578e-25,0.0,-7.659285636840708e-07,0.0,0.0,-3.82964281842026e-07,0.9999999999999266,-1.212758990840172e-16,-1.2744091613962903e-23,0.0,0.0,0.0,-0.00024846356472014574
2026-09-07T01:01:35.220604,4.33,-3.9313080878514217e-16,-1.1249284093561489e-25,0.0,1.9699710969156574e-06,0.0,0.0,9.849855484576692e-07,0.9999999999995149,-1.169140137299592e-16,-1.1262415679535296e-23,0.0,0.0,0.0,-0.00020250571760279957
2026-09-07T01:01:35.257499,4.35,-3.954726964854602e-16,-8.376532910090746e-26,0.0,2.383486078283426e-06,0.0,0.0,1.1917430391414307e-06,0.9999999999992899,-1.1691624562339217e-16,-8.383821528277016e-24,0.0,0.0,0.0,0.0004356358945978836
2026-09-07T01:01:35.279627,4.37,-3.974672345972815e-16,-9.907792936833526e-26,0.0,5.669432638910621e-07,0.0,0.0,2.8347163194552723e-07,0.9999999999999598,-1.0382698653818884e-16,-9.917630879935904e-24,0.0,0.0,0.0,-5.14469431835439e-05
2026-09-07T01:01:35.301085,4.39,-3.997226607654216e-16,-9.036838445578951e-26,0.0,-3.7344838954567194e-07,0.0,0.0,-1.8672419477283489e-07,0.9999999999999826,-1.1255781584772681e-16,-9.045380385563151e-24,0.0,0.0,0.0,-0.00012597038438386495
2026-09-07T01:01:35.324658,4.41,-4.0180420658380375e-16,-8.263960308068984e-26,0.0,1.8122085845284632e-06,0.0,0.0,9.061042922641075e-07,0.9999999999995894,-1.0819648036914917e-16,-8.27116948212199e-24,0.0,0.0,0.0,-0.00026830066106500977
2026-09-07T01:01:35.343265,4.43,-4.039292566373188e-16,-5.363364013828926e-26,0.0,-1.8976533326942049e-06,0.0,0.0,-9.488266663469599e-07,0.9999999999995499,-1.0819926112477754e-16,-5.364891450717142e-24,0.0,0.0,0.0,0.00020934087432131784
2026-09-07T01:01:35.395638,4.45,-4.0592406732909866e-16,-7.556727022986732e-26,0.0,-2.4144030899009294e-06,0.0,0.0,-1.2072015449501714e-06,0.9999999999992714,-1.0383816977812507e-16,-7.562661852295114e-24,0.0,0.0,0.0,3.5925499136224396e-06
2026-09-07T01:01:35.415909,4.47,-4.078321431867401e-16,-8.661095597880531e-26,0.0,-4.436004146235462e-07,0.0,0.0,-2.2180020731177125e-07,0.9999999999999754,-9.947736804547631e-17,-8.669157153339679e-24,0.0,0.0,0.0,7.911854221077652e-05
2026-09-07T01:01:35.435049,4.49,-4.0969671713823577e-16,-9.176726276190117e-26,0.0,2.9390050841904265e-06,0.0,0.0,1.4695025420946845e-06,0.9999999999989203,-9.075300694351078e-17,-9.185398200631576e-24,0.0,0.0,0.0,0.0002993921977480286
2026-09-07T01:01:35.463628,4.51,-4.115614293498061e-16,-8.902647167081489e-26,0.0,-2.857936734379507e-06,0.0,0.0,-1.428968367189267e-06,0.999999999998979,-8.639312372810432e-17,-8.910292224843707e-24,0.0,0.0,0.0,0.00019397282548691476
2026-09-07T01:01:35.487603,4.53,-4.1329617425758755e-16,-1.1118739674102613e-25,0.0,9.529005309261152e-07,0.0,0.0,4.764502654630395e-07,0.9999999999998865,-8.639739705411819e-17,-1.1131128153198069e-23,0.0,0.0,0.0,0.00012284988049313418
2026-09-07T01:01:35.504603,4.55,-4.150742869273247e-16,-1.1019226482226265e-25,0.0,1.136722300287829e-06,0.0,0.0,5.683611501438839e-07,0.9999999999998385,-8.64016270742093e-17,-1.103091959156518e-23,0.0,0.0,0.0,-0.00014675878906562228
2026-09-07T01:01:35.526212,4.57,-4.16982638869969e-16,-9.418736478526831e-26,0.0,2.654716282801672e-06,0.0,0.0,1.3273581414004463e-06,0.999999999999119,-9.076968107442588e-17,-9.427428116421563e-24,0.0,0.0,0.0,7.308517177294208e-05
2026-09-07T01:01:35.543570,4.59,-4.1867374276913964e-16,-8.355012847539144e-26,0.0,3.2564237617549456e-06,0.0,0.0,1.6282118808767533e-06,0.9999999999986745,-8.204571831056205e-17,-8.361446490425104e-24,0.0,0.0,0.0,-2.1763943708237425e-05
2026-09-07T01:01:35.579671,4.61,-4.2079934207527544e-16,-5.804405522560472e-26,0.0,4.1596714286384895e-06,0.0,0.0,2.079835714317745e-06,0.9999999999978372,-9.950565741632345e-17,-5.8059371609960576e-24,0.0,0.0,0.0,-8.895682848797826e-06
2026-09-07T01:01:35.600696,4.63,-4.2236020297077916e-16,-4.1180393863905493e-26,0.0,9.374293874486739e-08,0.0,0.0,4.6871469372433674e-08,0.9999999999999989,-8.641703345450049e-17,-4.116372521157068e-24,0.0,0.0,0.0,-0.00017778757479338685
2026-09-07T01:01:35.619606,4.65,-4.240082097922967e-16,-3.094147298916552e-26,0.0,1.4907243848227836e-06,0.0,0.0,7.453621924113228e-07,0.9999999999997222,-8.64209936762897e-17,-3.0911077959902624e-24,0.0,0.0,0.0,6.545055407031763e-05
2026-09-07T01:01:35.640415,4.67,-4.254391056334617e-16,-2.8113781058983965e-26,0.0,-1.063071959794826e-06,0.0,0.0,-5.315359798973879e-07,0.9999999999998588,-7.769713660057704e-17,-2.8076261906087434e-24,0.0,0.0,0.0,-0.00029062267942840116
2026-09-07T01:01:35.661432,4.69,-4.2708711534446566e-16,-1.9698678120030852e-26,0.0,-8.06904036032563e-07,0.0,0.0,-4.0345201801627054e-07,0.9999999999999186,-7.770168772574152e-17,-1.9649352575664997e-24,0.0,0.0,0.0,9.247750201986761e-05
2026-09-07T01:01:35.703415,4.71,-4.288221322920798e-16,-2.7430381989015734e-26,0.0,2.4782749288299044e-06,0.0,0.0,1.239137464414635e-06,0.9999999999992323,-8.643400775545695e-17,-2.7394568448246252e-24,0.0,0.0,0.0,0.00017992180544838566
2026-09-07T01:01:35.724784,4.73,-4.3025289200091957e-16,-2.656409802524909e-26,0.0,2.205965899726437e-06,0.0,0.0,1.1029829498629946e-06,0.9999999999993917,-7.334607665675453e-17,-2.652355898782992e-24,0.0,0.0,0.0,0.00010939298714056232
2026-09-07T01:01:35.743331,4.75,-4.3164055869687194e-16,-2.1795469042269932e-26,0.0,8.481792672654366e-07,0.0,0.0,4.2408963363270553e-07,0.9999999999999101,-6.89868858293165e-17,-2.1746832585872185e-24,0.0,0.0,0.0,-1.5320283774036735e-05
2026-09-07T01:01:35.764457,4.77,-4.330283625077464e-16,-1.707586329192875e-26,0.0,-9.460349894574451e-07,0.0,0.0,-4.730174947287048e-07,0.9999999999998881,-6.899190482841298e-17,-1.7020314846604158e-24,0.0,0.0,0.0,0.00010865670819673084
2026-09-07T01:01:35.782498,4.79,-4.346766455337747e-16,-2.57779326589393e-26,0.0,-8.321953317569354e-07,0.0,0.0,-4.160976658784556e-07,0.9999999999999134,-7.772470999082004e-17,-2.574039469894579e-24,0.0,0.0,0.0,6.1000086897255795e-05
2026-09-07T01:01:35.810562,4.8100000000000005,-4.3597743864258885e-16,-3.0485692051832793e-26,0.0,-4.513171606657096e-06,0.0,0.0,-2.256585803326633e-06,0.9999999999974539,-6.900110654218195e-17,-3.0457199996289682e-24,0.0,0.0,0.0,0.00013446108298220823
2026-09-07T01:01:35.827025,4.83,-4.373218733316751e-16,-5.2096439311319e-26,0.0,-1.1779033970427122e-06,0.0,0.0,-5.88951698521322e-07,0.9999999999998266,-6.90059402480633e-17,-5.211161068838333e-24,0.0,0.0,0.0,-0.00028918835205564344
2026-09-07T01:01:35.848910,4.85,-4.3870967602786125e-16,-4.4210048043985165e-26,0.0,-4.087601812585718e-08,0.0,0.0,-2.0438009062928586e-08,0.9999999999999998,-6.901073197364183e-17,-4.420834419853545e-24,0.0,0.0,0.0,-0.00016008694443398196
2026-09-07T01:01:35.863664,4.87,-4.4005411042350577e-16,-3.6965019539432593e-26,0.0,-3.862882781646705e-06,0.0,0.0,-1.931441390822151e-06,0.9999999999981347,-6.901546362447761e-17,-3.6948490726391435e-24,0.0,0.0,0.0,5.4156406499708976e-05
2026-09-07T01:01:35.884634,4.89,-4.417025277583217e-16,-5.817018563449392e-26,0.0,-3.904899967821508e-07,0.0,0.0,-1.952449983910741e-07,0.9999999999999809,-8.211194341033463e-17,-5.819695624982931e-24,0.0,0.0,0.0,-0.0003486542701658961
2026-09-07T01:01:35.902763,4.91,-4.429598139561209e-16,-4.153310053100278e-26,0.0,-2.5045914897603443e-06,0.0,0.0,-1.2522957448798445e-06,0.9999999999992158,-6.902374926764322e-17,-4.152556911212754e-24,0.0,0.0,0.0,1.1263200304117602e-05
2026-09-07T01:01:35.924719,4.93,-4.443042470904163e-16,-5.048280325498123e-26,0.0,-2.3540091933504925e-06,0.0,0.0,-1.1770045966749746e-06,0.9999999999993073,-6.902829370078279e-17,-5.0493365508917394e-24,0.0,0.0,0.0,-0.00041195371675075104
2026-09-07T01:01:35.944642,4.95,-4.454749367799003e-16,-4.0098491972442523e-26,0.0,-2.1106705299089867e-06,0.0,0.0,-1.0553352649542975e-06,0.9999999999994431,-6.030491923853234e-17,-4.008989834936005e-24,0.0,0.0,0.0,-0.0002443110149831894
2026-09-07T01:01:35.963677,4.97,-4.465156607485677e-16,-3.62644465452242e-26,0.0,9.110803631529053e-07,0.0,0.0,4.555401815764368e-07,0.9999999999998962,-5.59460916341162e-17,-3.624821124722485e-24,0.0,0.0,0.0,-0.0002549266909302194
2026-09-07T01:01:35.982626,4.99,-4.478603695599198e-16,-2.3208821960936346e-26,0.0,5.492597723311122e-07,0.0,0.0,2.746298861655526e-07,0.9999999999999623,-6.46793972012104e-17,-2.3166247856672123e-24,0.0,0.0,0.0,-5.698508386935033e-05
2026-09-07T01:01:36.003753,5.01,-4.489443240606667e-16,-1.8840209694138976e-26,0.0,-1.8045791279064363e-06,0.0,0.0,-9.022895639530956e-07,0.999999999999593,-5.59561763828564e-17,-1.878959543208081e-24,0.0,0.0,0.0,0.00031840696829566373
2026-09-07T01:01:36.023508,5.03,-4.500284167113093e-16,-3.4214266024972087e-26,0.0,-4.393469605901146e-07,0.0,0.0,-2.1967348029505551e-07,0.9999999999999759,-5.159749381240487e-17,-3.419381108427804e-24,0.0,0.0,0.0,-4.3298659933791314e-05
2026-09-07T01:01:36.045445,5.05,-4.511993826897646e-16,-3.372058091232658e-26,0.0,-4.539939260528314e-06,0.0,0.0,-2.2699696302622075e-06,0.9999999999974236,-5.1603050570368827e-17,-3.369898073469932e-24,0.0,0.0,0.0,-0.00027959561720092296
2026-09-07T01:01:36.063747,5.07,-4.521967405582142e-16,-3.782271309796261e-26,0.0,6.093124085282398e-07,0.0,0.0,3.0465620426411517e-07,0.9999999999999536,-4.7244585605964927e-17,-3.781183286171095e-24,0.0,0.0,0.0,6.57834897848977e-05
2026-09-07T01:01:36.083236,5.09,-4.532811071599021e-16,-3.65929360851844e-26,0.0,6.738067672706905e-07,0.0,0.0,3.3690338363533887e-07,0.9999999999999433,-5.161430595985808e-17,-3.657603377978969e-24,0.0,0.0,0.0,0.00021528227387320338
2026-09-07T01:01:36.109706,5.11,-4.544522081043426e-16,-3.9611983642868544e-26,0.0,1.0090911528592984e-07,0.0,0.0,5.0454557642964895e-08,0.9999999999999988,-5.598363408603336e-17,-3.9600430726342546e-24,0.0,0.0,0.0,-4.01029958144545e-05
2026-09-07T01:01:36.123052,5.13,-4.553626914034094e-16,-3.712356656478764e-26,0.0,3.5061467866803757e-06,0.0,0.0,1.7530733933392898e-06,0.9999999999984633,-4.7260655460051387e-17,-3.710838953710093e-24,0.0,0.0,0.0,-0.0003582124418008767
2026-09-07T01:01:36.166799,5.15,-4.563168168862656e-16,-1.6591067308803678e-26,0.0,1.7205057090130536e-06,0.0,0.0,8.602528545064208e-07,0.99999999999963,-4.72662043346734e-17,-1.6536007932967372e-24,0.0,0.0,0.0,-0.0002392941327428321
2026-09-07T01:01:36.184205,5.17,-4.575315580510311e-16,-2.680206303574318e-27,0.0,-8.605135732864256e-07,0.0,0.0,-4.302567866431995e-07,0.9999999999999074,-6.036361523050529e-17,-2.600459149950417e-25,0.0,0.0,0.0,0.00018234239254853567
2026-09-07T01:01:36.204227,5.2,-4.589644636740112e-16,1.6371542406446794e-30,0.0,6.054712287095754e-12,0.0,0.0,3.027356143547877e-12,1.0,-4.7704902567987874e-17,-2.9921449662599894e-24,0.0,0.0,0.0,0.0006921094380731766
2026-09-07T01:01:36.237938,5.21,-4.59439393890403e-16,-2.9890734827648856e-26,0.0,-1.355985780993052e-06,0.0,0.0,-6.77992890496474e-07,0.9999999999997702,-4.728114071037194e-17,-2.9862475491627577e-24,0.0,0.0,0.0,-2.6925095225011853e-05
2026-09-07T01:01:36.257098,5.23,-4.60350014343027e-16,-3.198746803897839e-26,0.0,-8.371905253490297e-07,0.0,0.0,-4.1859526267450263e-07,0.9999999999999124,-4.2922466372219806e-17,-3.1965328691318034e-24,0.0,0.0,0.0,0.00018174626294322892
2026-09-07T01:01:36.276200,5.25,-4.610436600175222e-16,-3.716985188361884e-26,0.0,1.7264522798043913e-06,0.0,0.0,8.632261399020884e-07,0.9999999999996274,-3.42000844220303e-17,-3.715700703344241e-24,0.0,0.0,0.0,-1.9358705548436976e-05
2026-09-07T01:01:36.297314,5.27,-4.619979243382368e-16,-2.9917048687633005e-26,0.0,-2.5891635826447157e-06,0.0,0.0,-1.2945817913219962e-06,0.999999999999162,-3.8570248421870295e-17,-2.988961022084341e-24,0.0,0.0,0.0,-0.00021379514097381796
2026-09-07T01:01:36.316229,5.29,-4.631259311217499e-16,-3.4578989206720757e-26,0.0,1.290970733425212e-06,0.0,0.0,6.454853667125611e-07,0.9999999999997917,-5.1667987468041114e-17,-3.456366071691681e-24,0.0,0.0,0.0,-0.0002573360485096072
2026-09-07T01:01:36.336147,5.31,-4.639063089685749e-16,-2.3693003036494143e-26,0.0,1.1735770257814695e-06,0.0,0.0,5.86788512890701e-07,0.9999999999998278,-4.294472716758476e-17,-2.365465056210928e-24,0.0,0.0,0.0,-0.00010358517472805505
2026-09-07T01:01:36.360991,5.33,-4.649039369903605e-16,-1.6673818926503238e-26,0.0,-1.092814035263956e-06,0.0,0.0,-5.464070176319508e-07,0.9999999999998507,-4.731400533358719e-17,-1.662254274923816e-24,0.0,0.0,0.0,-4.9894923277369414e-05
2026-09-07T01:01:36.378165,5.35,-4.655107074397433e-16,-1.599041533963158e-26,0.0,3.771322210077699e-07,0.0,0.0,1.8856611050388383e-07,0.9999999999999822,-3.42269482200447e-17,-1.5939325502130814e-24,0.0,0.0,0.0,0.0002016830463208014
2026-09-07T01:01:36.397474,5.37,-4.662914977480135e-16,-1.8482185683458663e-26,0.0,9.664955511468067e-07,0.0,0.0,4.832477755733844e-07,0.9999999999998832,-3.859677491635906e-17,-1.8435107358391687e-24,0.0,0.0,0.0,-0.00019269011207191487
2026-09-07T01:01:36.415323,5.39,-4.670721506638465e-16,-1.1334204373146538e-26,0.0,8.773442878862171e-07,0.0,0.0,4.386721439430944e-07,0.9999999999999037,-3.860223220199266e-17,-1.1274355366246533e-24,0.0,0.0,0.0,8.773454313295068e-05
2026-09-07T01:01:36.436872,5.41,-4.679396751642405e-16,-1.0435679733660376e-26,0.0,1.2137239324694349e-06,0.0,0.0,6.068619662346802e-07,0.9999999999998158,-4.297160618809576e-17,-1.0374189149613016e-24,0.0,0.0,0.0,0.00016896068846711482
2026-09-07T01:01:36.459515,5.43,-4.687203257788895e-16,-1.1664911918780441e-26,0.0,-2.3462704046295357e-06,0.0,0.0,-1.1731352023144987e-06,0.9999999999993119,-4.297658589312793e-17,-1.1605886529286968e-24,0.0,0.0,0.0,0.00016519893454935134
2026-09-07T01:01:36.478335,5.46,-4.698064852472366e-16,4.397548118794052e-31,0.0,3.2573943542502093e-12,0.0,0.0,1.6286971771251046e-12,1.0,-3.903125923102283e-17,-2.3501323299615407e-24,0.0,0.0,0.0,0.0003641768562514032
2026-09-07T01:01:36.496385,5.47,-4.701947582938093e-16,-2.3466410890430812e-26,0.0,1.9951378149585257e-06,0.0,0.0,9.975689074790973e-07,0.9999999999995024,-3.862335008352575e-17,-2.3430415932830505e-24,0.0,0.0,0.0,-0.00034499449873182434
2026-09-07T01:01:36.515396,5.49,-4.708018015882033e-16,-1.2225773878198472e-26,0.0,6.713638716071557e-07,0.0,0.0,3.3568193580357156e-07,0.9999999999999437,-3.426448336200533e-17,-1.216918359784769e-24,0.0,0.0,0.0,-0.00020429887487242922
2026-09-07T01:01:36.537784,5.51,-4.717128299406835e-16,-5.605845366706636e-27,0.0,9.983062194685033e-07,0.0,0.0,4.991531097342309e-07,0.9999999999998754,-4.299787095289346e-17,-5.537869831997808e-25,0.0,0.0,0.0,1.8394918605485935e-05
2026-09-07T01:01:36.556467,5.53,-4.723197349114397e-16,-4.372907393257845e-27,0.0,-1.6863540697187316e-06,0.0,0.0,-8.43177034859266e-07,0.9999999999996445,-3.427452664259636e-17,-4.302660602777516e-25,0.0,0.0,0.0,-0.0001871532442509714
2026-09-07T01:01:36.575214,5.55,-4.731438904716455e-16,-4.816220069844277e-27,0.0,-1.7382019965594968e-06,0.0,0.0,-8.691009982796388e-07,0.9999999999996223,-3.864378201227662e-17,-4.748970462744779e-25,0.0,0.0,0.0,-0.0001830622278069718
2026-09-07T01:01:36.597806,5.57,-4.736205561766109e-16,-1.9246818458953443e-27,0.0,2.2338189720194634e-06,0.0,0.0,1.1169094860094994e-06,0.9999999999993763,-2.5556636828780268e-17,-1.8520018126626397e-25,0.0,0.0,0.0,-8.596959336286118e-05
2026-09-07T01:01:36.616603,5.59,-4.744882183548921e-16,7.121932413434487e-27,0.0,-2.7603421899335956e-06,0.0,0.0,-1.3801710949663597e-06,0.9999999999990475,-3.429045032469132e-17,7.212560747560427e-25,0.0,0.0,0.0,-1.8767017217578266e-05
2026-09-07T01:01:36.638549,5.62,-4.754009685224566e-16,5.278738731388499e-31,0.0,-2.1471713296250527e-12,0.0,0.0,-1.0735856648125264e-12,1.0,-3.4694459271779924e-17,-2.7588597903662525e-25,0.0,0.0,0.0,2.604907186186652e-05
2026-09-07T01:01:36.655659,5.63,-4.757459451976704e-16,-2.687574330622412e-27,0.0,3.2723465936967955e-07,0.0,0.0,1.6361732968483903e-07,0.9999999999999866,-3.4300875770988504e-17,-2.6188029990281283e-25,0.0,0.0,0.0,6.490819053767748e-06
2026-09-07T01:01:36.685474,5.65,-4.761793791102806e-16,-2.2186650465860113e-27,0.0,9.246998584622192e-07,0.0,0.0,4.6234992923109305e-07,0.9999999999998931,-2.557780235982243e-17,-2.148147518784541e-25,0.0,0.0,0.0,-8.803534867051789e-05
2026-09-07T01:01:36.704444,5.67,-4.768734318636475e-16,1.675469946102267e-27,0.0,-3.3322473091956795e-06,0.0,0.0,-1.666123654597069e-06,0.999999999998612,-2.994735717296577e-17,1.7529080151749602e-25,0.0,0.0,0.0,0.00010601071721363036
2026-09-07T01:01:36.721362,5.69,-4.7735037084702775e-16,-3.801705279877472e-27,0.0,-5.054515175295649e-07,0.0,0.0,-2.5272575876477973e-07,0.999999999999968,-2.558850207199217e-17,-3.7364579421080026e-25,0.0,0.0,0.0,0.0002581937871700917
2026-09-07T01:01:36.744857,5.71,-4.782181673577956e-16,-8.890898453970663e-27,0.0,1.2594744793759105e-06,0.0,0.0,6.297372396879136e-07,0.9999999999998017,-3.8685960237186993e-17,-8.834359595535086e-25,0.0,0.0,0.0,0.0004073722787845472
2026-09-07T01:01:36.760644,5.73,-4.787817026810134e-16,-1.5982728446420648e-26,0.0,-4.4002015453514787e-07,0.0,0.0,-2.2001007726757216e-07,0.9999999999999758,-2.996229079058164e-17,-1.593940574337065e-24,0.0,0.0,0.0,-0.000443692663317162
2026-09-07T01:01:36.779059,5.75,-4.794321124474072e-16,-8.698272380461135e-27,0.0,1.35768045339546e-06,0.0,0.0,6.788402266976779e-07,0.9999999999997696,-2.560322251805672e-17,-8.642809294139077e-25,0.0,0.0,0.0,0.00017529239203558717
2026-09-07T01:01:36.796917,5.78,-4.800847219941957e-16,1.3224512147879134e-31,0.0,-1.3002932064409833e-12,0.0,0.0,-6.501466032204917e-13,1.0,-2.6020841838289222e-17,-1.0555811817595495e-24,0.0,0.0,0.0,-2.1431719197308446e-05
2026-09-07T01:01:36.817132,5.79,-4.803428960291968e-16,-1.050372098047695e-26,0.0,-5.969831740060272e-09,0.0,0.0,-2.984915870030136e-09,1.0,-2.5613965161933385e-17,-1.0452515039108828e-24,0.0,0.0,0.0,0.00010023213530065086
2026-09-07T01:01:36.844468,5.8100000000000005,-4.807766025796487e-16,-1.1545463282634739e-26,0.0,-2.5613386740452886e-06,0.0,0.0,-1.280669337022294e-06,0.99999999999918,-2.5619079739095648e-17,-1.1496021578419188e-24,0.0,0.0,0.0,0.00010749710482464589
2026-09-07T01:01:36.857561,5.83,-4.811233004281502e-16,-1.4706741071371917e-26,0.0,-1.3899268949124632e-06,0.0,0.0,-6.949634474561757e-07,0.9999999999997585,-1.6896084642202066e-17,-1.4664256600749411e-24,0.0,0.0,0.0,0.000311060197508665
2026-09-07T01:01:36.882699,5.85,-4.816005134373183e-16,-1.9565111766702037e-26,0.0,3.1244548637232583e-06,0.0,0.0,1.5622274318609937e-06,0.9999999999987798,-2.126575149456642e-17,-1.9531594800285965e-24,0.0,0.0,0.0,-0.00047711539472419616
2026-09-07T01:01:36.898728,5.86,-4.818628135139148e-16,-9.292697352915781e-31,0.0,-1.3713474800169934e-12,0.0,0.0,-6.856737400084967e-13,1.0,-2.602084192273934e-17,-7.905419885631153e-25,0.0,0.0,0.0,0.00012075324206189302
2026-09-07T01:01:36.918342,5.89,-4.827717744752983e-16,-5.716837776693386e-27,0.0,1.962710811209689e-06,0.0,0.0,9.81355405604687e-07,0.9999999999995185,-3.000390682650113e-17,-5.657340272104131e-25,0.0,0.0,0.0,-0.00029146680468423503
2026-09-07T01:01:36.935760,5.91,-4.831618376426279e-16,1.2754407667677865e-27,0.0,2.218846026913468e-06,0.0,0.0,1.1094230134565064e-06,0.9999999999993846,-2.128031041543919e-17,1.3475230357523468e-25,0.0,0.0,0.0,-0.00014650202258794618
2026-09-07T01:01:36.955225,5.93,-4.8363891164261095e-16,6.7863035039229e-27,0.0,4.279410444674171e-06,0.0,0.0,2.1397052223354523e-06,0.9999999999977108,-2.1285362570398976e-17,6.868242861619778e-25,0.0,0.0,0.0,1.6765783065649615e-05
2026-09-07T01:01:36.976294,5.95,-4.839423773474045e-16,9.597669081345072e-27,0.0,3.117103665406518e-06,0.0,0.0,1.5585518327026278e-06,0.9999999999987854,-1.6926342956290818e-17,9.684726896400569e-25,0.0,0.0,0.0,0.0002538704270626374
2026-09-07T01:01:36.995517,5.97,-4.845498287911524e-16,1.4469350171235288e-26,0.0,5.297228691247824e-07,0.0,0.0,2.648614345623881e-07,0.9999999999999649,-2.5659670460382834e-17,1.4565334302700067e-24,0.0,0.0,0.0,8.307910419491993e-06
2026-09-07T01:01:37.016776,5.99,-4.848967966238661e-16,1.4668581123140883e-26,0.0,-2.012881319846116e-06,0.0,0.0,-1.0064406599228881e-06,0.9999999999994935,-2.566421987628711e-17,1.476299946597767e-24,0.0,0.0,0.0,-0.00044067662591645883
2026-09-07T01:01:37.038508,6.01,-4.852434914837908e-16,1.9671465177566195e-26,0.0,1.0596040991295297e-06,0.0,0.0,5.298020495647401e-07,0.9999999999998597,-1.694064441397458e-17,1.977384173222356e-24,0.0,0.0,0.0,-4.206291493455479e-06
2026-09-07T01:01:37.057126,6.03,-4.856773336925516e-16,2.1176462187931678e-26,0.0,1.474319024197257e-06,0.0,0.0,7.371595120985617e-07,0.9999999999997283,-2.130975989481637e-17,2.1281724872560924e-24,0.0,0.0,0.0,-2.6265035720600502e-05
2026-09-07T01:01:37.075654,6.05,-4.860676701217826e-16,2.2965253670258392e-26,0.0,-1.5946356684004568e-06,0.0,0.0,-7.97317834200144e-07,0.9999999999996821,-2.1314467610172445e-17,2.3073187406970787e-24,0.0,0.0,0.0,0.00020282914333399657
2026-09-07T01:01:37.096697,6.07,-4.864580061045243e-16,1.8684994784588014e-26,0.0,-4.911506286120471e-07,0.0,0.0,-2.4557531430602104e-07,0.9999999999999698,-2.1319107711641228e-17,1.8783369562335152e-24,0.0,0.0,0.0,0.0002903854789499282
2026-09-07T01:01:37.120020,6.09,-4.867614695829057e-16,1.4726360402625773e-26,0.0,1.0916237531688468e-06,0.0,0.0,5.458118765843962e-07,0.999999999999851,-1.695966016412138e-17,1.4816870256623829e-24,0.0,0.0,0.0,-0.0002104593518465303
2026-09-07T01:01:37.136846,6.11,-4.871518065088131e-16,1.8227105246705848e-26,0.0,-2.155778636048211e-06,0.0,0.0,-1.0778893180238968e-06,0.9999999999994191,-1.6964519254488698e-17,1.832363941214976e-24,0.0,0.0,0.0,1.6676024145478966e-05
2026-09-07T01:01:37.156732,6.13,-4.87498775278145e-16,1.5762324558068022e-26,0.0,-3.476484877751318e-07,0.0,0.0,-1.7382424388756503e-07,0.9999999999999849,-1.6969325379738744e-17,1.5852890874926354e-24,0.0,0.0,0.0,3.682845002387236e-05
2026-09-07T01:01:37.177146,6.15,-4.879326159261523e-16,1.4897681003517298e-26,0.0,-1.0848187779188834e-06,0.0,0.0,-5.424093889594151e-07,0.9999999999998529,-2.133810269095955e-17,1.498636212244645e-24,0.0,0.0,0.0,-0.00024875456807283
2026-09-07T01:01:37.197650,6.17,-4.884098228053709e-16,1.6436242989890053e-26,0.0,-3.2068526962802943e-06,0.0,0.0,-1.6034263481394596e-06,0.9999999999987145,-2.5706487183206046e-17,1.6526560718604801e-24,0.0,0.0,0.0,-4.1354321938681454e-05
2026-09-07T01:01:37.218844,6.19,-4.888433874239876e-16,1.3284485937985028e-26,0.0,-1.6839361460796454e-08,0.0,0.0,-8.419680730398227e-09,1.0,-2.1346411209631735e-17,1.3367905941769164e-24,0.0,0.0,0.0,-0.000218117128106968
2026-09-07T01:01:37.242773,6.21,-4.891468491075423e-16,1.599869123892069e-26,0.0,-7.908736536776928e-07,0.0,0.0,-3.954368268388361e-07,0.9999999999999218,-1.698660903604942e-17,1.608743566855688e-24,0.0,0.0,0.0,3.754015804110014e-05
2026-09-07T01:01:37.259402,6.23,-4.894939524386804e-16,1.4882642659658522e-26,0.0,7.588613164521973e-07,0.0,0.0,3.7943065822608957e-07,0.9999999999999281,-2.1355162071780292e-17,1.4968516522609964e-24,0.0,0.0,0.0,0.00013858161218008715
2026-09-07T01:01:37.284938,6.25,-4.897540456505969e-16,1.3467194595406976e-26,0.0,1.5754470235052058e-06,0.0,0.0,7.877235117525213e-07,0.9999999999996897,-1.6995265603452376e-17,1.3550181575389526e-24,0.0,0.0,0.0,-0.0004769674254487074
2026-09-07T01:01:37.299895,6.27,-4.8992726777334085e-16,1.8620476539582324e-26,0.0,-1.429770657424001e-08,0.0,0.0,-7.148853287120005e-09,1.0,-8.271607888999361e-18,1.8712535075935673e-24,0.0,0.0,0.0,-0.00016002065778284556
2026-09-07T01:01:37.318923,6.29,-4.904479818252261e-16,1.9272638652059422e-26,0.0,-8.379460045837562e-07,0.0,0.0,-4.189730022918658e-07,0.9999999999999122,-1.700471346546695e-17,1.9364817502169447e-24,0.0,0.0,0.0,-3.391715557948809e-05
2026-09-07T01:01:37.338618,6.31,-4.907515803742676e-16,1.886107765662935e-26,0.0,-1.9141272211697924e-06,0.0,0.0,-9.5706361058475e-07,0.999999999999542,-1.700903220150737e-17,1.8951743913453184e-24,0.0,0.0,0.0,4.600194561752078e-05
2026-09-07T01:01:37.357651,6.33,-4.909248017697838e-16,1.7787235597111687e-26,0.0,-2.712480697830699e-07,0.0,0.0,-1.3562403489153454e-07,0.9999999999999908,-8.285207358712653e-18,1.7875190965791908e-24,0.0,0.0,0.0,-8.899539123745222e-05
2026-09-07T01:01:37.377386,6.35,-4.912719066394351e-16,1.7754285574147257e-26,0.0,-1.3297846557236426e-07,0.0,0.0,-6.648923278618208e-08,0.9999999999999978,-1.2654107125273474e-17,1.7841634695315353e-24,0.0,0.0,0.0,7.065634297223217e-05
2026-09-07T01:01:37.398365,6.37,-4.917057460813748e-16,1.6946889544587974e-26,0.0,-7.097579470816129e-07,0.0,0.0,-3.54878973540799e-07,0.999999999999937,-1.70226302141468e-17,1.7032196615062386e-24,0.0,0.0,0.0,5.552630623953018e-06
2026-09-07T01:01:37.417577,6.39,-4.919224710563854e-16,1.6545271753136062e-26,0.0,3.7219435045088284e-07,0.0,0.0,1.8609717522544036e-07,0.9999999999999827,-1.2662677724948338e-17,1.662903588940158e-24,0.0,0.0,0.0,-3.2134137952713585e-05
2026-09-07T01:01:37.436321,6.41,-4.921827012674642e-16,1.70207737955001e-26,0.0,2.3418852781453836e-06,0.0,0.0,1.1709426390724241e-06,0.9999999999993144,-1.2667037318896802e-17,1.710497165511665e-24,0.0,0.0,0.0,-0.00013513885527166117
2026-09-07T01:01:37.457846,6.44,-4.925313629353228e-16,3.7126246400775054e-31,0.0,-2.2075674621646613e-12,0.0,0.0,-1.1037837310823306e-12,1.0,-1.7347224855589586e-17,1.5391632994676131e-24,0.0,0.0,0.0,7.268556884527126e-05
2026-09-07T01:01:37.477397,6.45,-4.927032972999561e-16,1.5472714688029398e-26,0.0,-1.7114381476446283e-06,0.0,0.0,-8.557190738222098e-07,0.9999999999996338,-1.7039648071062487e-17,1.5551938651774163e-24,0.0,0.0,0.0,0.00028245235331145115
2026-09-07T01:01:37.499103,6.47,-4.929635252857366e-16,1.172431123211681e-26,0.0,1.2331559280376325e-06,0.0,0.0,6.165779640187772e-07,0.9999999999998099,-1.7043519240908456e-17,1.1796388721262394e-24,0.0,0.0,0.0,-5.447791433364635e-05
2026-09-07T01:01:37.516257,6.49,-4.933538570179252e-16,1.387555739752018e-26,0.0,-1.591770606879095e-06,0.0,0.0,-7.958853034394634e-07,0.9999999999996833,-1.7047335256540053e-17,1.3951615544898595e-24,0.0,0.0,0.0,-0.0001872537465586005
2026-09-07T01:01:37.536627,6.51,-4.936139483257236e-16,1.4653704411955888e-26,0.0,-2.5048056797594147e-06,0.0,0.0,-1.2524028398793798e-06,0.9999999999992157,-1.2687062303993758e-17,1.473008361195173e-24,0.0,0.0,0.0,-0.00015086140986728184
2026-09-07T01:01:37.559251,6.54,-4.941359821285669e-16,-8.024330110030817e-32,0.0,-1.5196732761069143e-12,0.0,0.0,-7.598366380534571e-13,1.0,-8.673633355852759e-18,1.3304796650244423e-24,0.0,0.0,0.0,-0.00014460366024279185
2026-09-07T01:01:37.576359,6.55,-4.942210040637445e-16,1.337811068078545e-26,0.0,-1.7349015752898822e-06,0.0,0.0,-8.674507876448324e-07,0.9999999999996237,-8.330753679638656e-18,1.3451269737313267e-24,0.0,0.0,0.0,-0.00020782678155973263
2026-09-07T01:01:37.595439,6.57,-4.944378658223012e-16,1.2973090568709266e-26,0.0,-1.0680823780973014e-06,0.0,0.0,-5.340411890486253e-07,0.9999999999998574,-8.335044486689841e-18,1.3044697059424569e-24,0.0,0.0,0.0,-5.2745330103456204e-05
2026-09-07T01:01:37.617359,6.59,-4.9478496785047e-16,1.1680423939742621e-26,0.0,3.988553444855825e-06,0.0,0.0,1.9942767224265905e-06,0.9999999999980115,-1.2703341266253237e-17,1.1749100766436559e-24,0.0,0.0,0.0,-0.00024109285979146176
2026-09-07T01:01:37.636657,6.61,-4.951754361810805e-16,1.913764247313101e-26,0.0,-3.942288321123755e-06,0.0,0.0,-1.971144160560601e-06,0.9999999999980573,-1.707125079952074e-17,1.9220766438213748e-24,0.0,0.0,0.0,-0.00016312342352641364
2026-09-07T01:01:37.656594,6.63,-4.953921580383439e-16,1.9044208323720822e-26,0.0,-1.325064920010277e-07,0.0,0.0,-6.62532460005138e-08,0.9999999999999978,-1.2710683437809014e-17,1.9125093980150845e-24,0.0,0.0,0.0,-9.055897777643707e-05
2026-09-07T01:01:37.679928,6.65,-4.954787768628703e-16,1.9600999372240442e-26,0.0,4.941055987028875e-06,0.0,0.0,2.4705279935119244e-06,0.9999999999969482,-8.350396360875926e-18,1.9683013870632303e-24,0.0,0.0,0.0,-8.437821194184089e-05
2026-09-07T01:01:37.697726,6.67,-4.956522693199742e-16,2.2523294865207832e-26,0.0,-2.1796892752945496e-06,0.0,0.0,-1.089844637647059e-06,0.9999999999994061,-8.354448594842874e-18,2.2610750500091783e-24,0.0,0.0,0.0,-0.00015550807870703064
2026-09-07T01:01:37.715609,6.69,-4.959560020485526e-16,2.0532752492004098e-26,0.0,-2.9907890137792492e-06,0.0,0.0,-1.4953945068890673e-06,0.9999999999988819,-1.2722502837637314e-17,2.0614784155104947e-24,0.0,0.0,0.0,4.387138461910871e-05
2026-09-07T01:01:37.738432,6.71,-4.961293565233581e-16,1.8842934721255524e-26,0.0,-2.415018049539697e-06,0.0,0.0,-1.2075090247695548e-06,0.9999999999992709,-8.362085036715727e-18,1.892131167381101e-24,0.0,0.0,0.0,2.9604882937293262e-05
2026-09-07T01:01:37.756787,6.73,-4.963028483335912e-16,1.727919416448332e-26,0.0,-3.1253477374981746e-06,0.0,0.0,-1.5626738687484512e-06,0.999999999998779,-8.36599055073629e-18,1.73541109736964e-24,0.0,0.0,0.0,-0.00012821734655883886
2026-09-07T01:01:37.774719,6.75,-4.965630761006899e-16,1.4523146297552577e-26,0.0,-8.142426235480117e-07,0.0,0.0,-4.0712131177399457e-07,0.9999999999999172,-8.369857014557647e-18,1.4592182638800837e-24,0.0,0.0,0.0,-0.00021308986487665387
2026-09-07T01:01:37.799387,6.77,-4.966496953280095e-16,1.5359497649193968e-26,0.0,-1.3831192191560149e-08,0.0,0.0,-6.915596095780074e-09,1.0,-4.00962881228731e-18,1.542994930298473e-24,0.0,0.0,0.0,-0.0003209528444268594
2026-09-07T01:01:37.816596,6.79,-4.968666922863709e-16,1.599052914168986e-26,0.0,-1.9012371632598504e-07,0.0,0.0,-9.506185816299236e-08,0.9999999999999954,-8.37777678124573e-18,1.6061500988284325e-24,0.0,0.0,0.0,0.00027739257118075705
2026-09-07T01:01:37.836497,6.8100000000000005,-4.96953447277409e-16,1.4556891783070378e-26,0.0,-1.4443548281839467e-06,0.0,0.0,-7.221774140919107e-07,0.9999999999997392,-8.381501176546108e-18,1.462486344169947e-24,0.0,0.0,0.0,-8.354991376469719e-05
2026-09-07T01:01:37.856974,6.83,-4.972571782312393e-16,1.3198340879898707e-26,0.0,1.5925576670738908e-06,0.0,0.0,7.962788335368611e-07,0.9999999999996829,-1.2749217818128062e-17,1.3262878832696817e-24,0.0,0.0,0.0,6.915127491054874e-06
2026-09-07T01:01:37.878250,6.85,-4.974740352675915e-16,1.3939466594570263e-26,0.0,1.3230423872023778e-06,0.0,0.0,6.615211936011406e-07,0.9999999999997812,-1.2752507812455897e-17,1.4005493131475121e-24,0.0,0.0,0.0,-0.00033931560114718967
2026-09-07T01:01:37.895679,6.87,-4.976908919025224e-16,1.7084749405085387e-26,0.0,1.7512442291867103e-06,0.0,0.0,8.756221145932432e-07,0.9999999999996166,-1.2755747879731894e-17,1.715599107507928e-24,0.0,0.0,0.0,0.0001409274225184078
2026-09-07T01:01:37.917516,6.89,-4.978210122401811e-16,1.5958730499282054e-26,0.0,-2.2305251281551364e-06,0.0,0.0,-1.115262564077337e-06,0.999999999999378,-1.2758945906052425e-17,1.6027602391724056e-24,0.0,0.0,0.0,-0.00018545822696120273
2026-09-07T01:01:37.936575,6.91,-4.979945003372583e-16,1.6618885494475726e-26,0.0,7.960652901317645e-07,0.0,0.0,3.9803264506587167e-07,0.9999999999999207,-1.276210445627785e-17,1.6687651248441934e-24,0.0,0.0,0.0,-3.765511361263139e-05
2026-09-07T01:01:37.959550,6.93,-4.979942436789564e-16,1.6393019510088736e-26,0.0,1.902492505312381e-06,0.0,0.0,9.51246252656047e-07,0.9999999999995476,-4.037129703185668e-18,1.6461362262701747e-24,0.0,0.0,0.0,-0.0004011966282117232
2026-09-07T01:01:37.977333,6.95,-4.981678706792113e-16,1.8454336262756462e-26,0.0,-1.457456089148934e-07,0.0,0.0,-7.287280445744664e-08,0.9999999999999973,-8.404925116609897e-18,1.8525996347396334e-24,0.0,0.0,0.0,1.0849397064180293e-05
2026-09-07T01:01:38.001566,6.97,-4.98254623922535e-16,1.825099693338777e-26,0.0,8.818569994240023e-07,0.0,0.0,4.409284997119868e-07,0.9999999999999027,-8.408308644378189e-18,1.8321709792697116e-24,0.0,0.0,0.0,-4.587068558141528e-05
2026-09-07T01:01:38.020289,6.99,-4.985149851559545e-16,1.913238422394366e-26,0.0,5.693344835577818e-07,0.0,0.0,2.8466724177888705e-07,0.9999999999999595,-1.277568991247171e-17,1.9204357993640814e-24,0.0,0.0,0.0,-0.0002649117365365486
2026-09-07T01:01:38.042409,7.0,-4.985161589927093e-16,-1.3990794108081938e-31,0.0,-1.7328360968349443e-12,0.0,0.0,-8.664180484174722e-13,1.0,-4.3368248919057875e-18,2.0726146300349912e-24,0.0,0.0,0.0,-1.4826525254402862e-05
2026-09-07T01:01:38.061714,7.03,-4.986014817301947e-16,2.134206440232971e-26,0.0,-1.5345258788102e-06,0.0,0.0,-7.672629394050248e-07,0.9999999999997057,-4.054131224659454e-18,2.1416908098359883e-24,0.0,0.0,0.0,0.0002961354919406912
2026-09-07T01:01:38.105473,7.05,-4.987316036682039e-16,1.9640652108604158e-26,0.0,1.969088187170343e-06,0.0,0.0,9.845440935850122e-07,0.9999999999995154,-4.057684012172119e-18,1.9711747727819077e-24,0.0,0.0,0.0,8.137901836454164e-05
2026-09-07T01:01:38.126878,7.07,-4.989052297305643e-16,2.0576973206165088e-26,0.0,-2.0618844329689527e-06,0.0,0.0,-1.0309422164842936e-06,0.9999999999994685,-8.42523980742574e-18,2.064960653991367e-24,0.0,0.0,0.0,-8.970330582604888e-05
2026-09-07T01:01:38.145241,7.09,-4.989484774365824e-16,2.1039403897365895e-26,0.0,-1.509798767784787e-06,0.0,0.0,-7.548993838923217e-07,0.9999999999997151,-4.064320391692429e-18,2.1111982066623917e-24,0.0,0.0,0.0,-0.00014060622742251738
2026-09-07T01:01:38.206485,7.11,-4.990784624109421e-16,2.015906570841689e-26,0.0,1.6639671032159244e-06,0.0,0.0,8.319835516078661e-07,0.9999999999996539,2.963107300457811e-19,2.022958065860859e-24,0.0,0.0,0.0,0.00024444142786381596
2026-09-07T01:01:38.226770,7.14,-4.993835206878401e-16,1.2987253714018073e-31,0.0,3.5482727867020003e-13,0.0,0.0,1.7741363933510002e-13,1.0,-8.673616439209803e-18,2.10542895840516e-24,0.0,0.0,0.0,0.00012585206877614466
2026-09-07T01:01:38.252745,7.15,-4.994690813303202e-16,2.1126158676496038e-26,0.0,-3.958639000156693e-06,0.0,0.0,-1.9793195000770544e-06,0.9999999999980411,-8.438512056824436e-18,2.1197321246115444e-24,0.0,0.0,0.0,0.00019168623424003822
2026-09-07T01:01:38.267402,7.17,-4.996425684068394e-16,1.788473791177476e-26,0.0,2.304692068300085e-07,0.0,0.0,1.1523460341500399e-07,0.9999999999999933,-8.441466496530261e-18,1.794892880654046e-24,0.0,0.0,0.0,0.0001242326418327212
2026-09-07T01:01:38.286190,7.19,-4.997291830281347e-16,1.7149853617001324e-26,0.0,-3.0316699710652988e-06,0.0,0.0,-1.5158349855320687e-06,0.9999999999988511,-4.080334441333754e-18,1.7212581616621684e-24,0.0,0.0,0.0,5.231980903162744e-05
2026-09-07T01:01:38.309929,7.21,-4.997725671620046e-16,1.6810700068220862e-26,0.0,1.6805512612627636e-06,0.0,0.0,8.40275630631283e-07,0.999999999999647,-4.083548153345174e-18,1.687214921740317e-24,0.0,0.0,0.0,-8.280535027612758e-06
2026-09-07T01:01:38.327121,7.23,-4.999028234734907e-16,1.7358135283616973e-26,0.0,1.819476742603854e-07,0.0,0.0,9.097383713019257e-08,0.9999999999999959,-8.450779828862602e-18,1.7420505461466607e-24,0.0,0.0,0.0,-0.0004979739851910879
2026-09-07T01:01:38.354413,7.25,-5.000329418407454e-16,1.968271636962062e-26,0.0,-7.221773188348379e-07,0.0,0.0,-3.6108865941741113e-07,0.9999999999999348,-8.453588112836771e-18,1.9748671147179246e-24,0.0,0.0,0.0,-3.1173404301429196e-05
2026-09-07T01:01:38.370776,7.27,-5.002931640642622e-16,1.888668068264329e-26,0.0,-1.8425336874017262e-06,0.0,0.0,-9.212668437007328e-07,0.9999999999995757,-8.456354540056025e-18,1.8950674012064228e-24,0.0,0.0,0.0,0.0001847238728745283
2026-09-07T01:01:38.386322,7.29,-5.002063056455878e-16,1.940793636969248e-26,0.0,-2.1523312589977195e-06,0.0,0.0,-1.076165629498652e-06,0.9999999999994209,-4.095031971959027e-18,1.9472409245768617e-24,0.0,0.0,0.0,-6.116163537028753e-05
2026-09-07T01:01:38.406617,7.31,-5.000759440475629e-16,2.095219284261463e-26,0.0,-2.1864264398985256e-07,0.0,0.0,-1.0932132199492607e-07,0.999999999999994,4.630039555281353e-18,2.101936576023721e-24,0.0,0.0,0.0,-0.0002280741447977127
2026-09-07T01:01:38.424469,7.33,-5.003365790884307e-16,1.9777230549727157e-26,0.0,-3.7466686730880383e-07,0.0,0.0,-1.8733343365440083e-07,0.9999999999999825,-8.465780968706242e-18,1.9841284303218568e-24,0.0,0.0,0.0,6.137553713184009e-05
2026-09-07T01:01:38.444873,7.35,-5.003799607659815e-16,1.9357819589121115e-26,0.0,-1.1620562263559009e-06,0.0,0.0,-5.810281131779177e-07,0.9999999999998312,-8.468416685572888e-18,1.9420819491412965e-24,0.0,0.0,0.0,0.00014288693021551855
2026-09-07T01:01:38.465457,7.37,-5.005100778305687e-16,1.8138717515086214e-26,0.0,-1.8066204079403292e-06,0.0,0.0,-9.033102039700418e-07,0.999999999999592,-8.470994794267271e-18,1.819888478790868e-24,0.0,0.0,0.0,-0.0002602184276202628
2026-09-07T01:01:38.487683,7.39,-5.006835628668779e-16,1.8278992956859707e-26,0.0,-3.7129827257231796e-07,0.0,0.0,-1.8564913628615792e-07,0.9999999999999828,-8.473541194569566e-18,1.8338775959592102e-24,0.0,0.0,0.0,-4.462283057176366e-05
2026-09-07T01:01:38.505540,7.41,-5.006833031445166e-16,1.839622528979748e-26,0.0,-1.55496714127068e-06,0.0,0.0,-7.774835706352617e-07,0.9999999999996978,2.5204636674001337e-19,1.8456081809963536e-24,0.0,0.0,0.0,0.00013035054509897642
2026-09-07T01:01:38.525757,7.43,-5.007700548599165e-16,1.7403116452549286e-26,0.0,6.419690024017655e-07,0.0,0.0,3.2098450120087723e-07,0.9999999999999485,2.4889469801505063e-19,1.7460634276736468e-24,0.0,0.0,0.0,5.187779806008851e-05
2026-09-07T01:01:38.543759,7.45,-5.009003109557154e-16,1.765839907919188e-26,0.0,-8.704247189683655e-07,0.0,0.0,-4.3521235948416903e-07,0.9999999999999053,-4.118285167165259e-18,1.771601923083429e-24,0.0,0.0,0.0,7.85724980253805e-05
2026-09-07T01:01:38.565548,7.47,-5.010304290594402e-16,1.682817296298869e-26,0.0,2.0553627195774027e-06,0.0,0.0,1.0276813597885205e-06,0.999999999999472,-4.121040745484485e-18,1.6883703082038854e-24,0.0,0.0,0.0,-0.00018677443353015872
2026-09-07T01:01:38.586909,7.49,-5.010301702819626e-16,1.7135036036734375e-26,0.0,-8.536693707483778e-08,0.0,0.0,-4.2683468537418876e-08,0.9999999999999991,4.604349167029368e-18,1.7190751023011886e-24,0.0,0.0,0.0,0.00021030484275937083
2026-09-07T01:01:38.606537,7.51,-5.010303231143337e-16,1.7526184371549852e-26,0.0,-1.6973209593373895e-07,0.0,0.0,-8.486604796686937e-08,0.9999999999999964,2.3695250154155655e-19,1.758227638541459e-24,0.0,0.0,0.0,-0.0004112142010242247
2026-09-07T01:01:38.626526,7.53,-5.009868338345545e-16,1.727012879047431e-26,0.0,2.150695102010047e-07,0.0,0.0,1.0753475510050215e-07,0.9999999999999942,4.598016969508449e-18,1.7325425119256256e-24,0.0,0.0,0.0,0.0002852995274802808
2026-09-07T01:01:38.649449,7.55,-5.01160594753971e-16,1.8100023038796816e-26,0.0,8.26319267677178e-07,0.0,0.0,4.1315963383857725e-07,0.9999999999999146,-4.133362132244349e-18,1.815649003870505e-24,0.0,0.0,0.0,7.233532245043021e-05
2026-09-07T01:01:38.665624,7.57,-5.0133421634075e-16,1.826903892923915e-26,0.0,3.1002586911021987e-06,0.0,0.0,1.550129345550478e-06,0.9999999999987985,-8.499988122678555e-18,1.8325352184023083e-24,0.0,0.0,0.0,-0.00020889015102734307
2026-09-07T01:01:38.687096,7.59,-5.012905870080211e-16,1.75588836175102e-26,0.0,-3.8041997489912664e-06,0.0,0.0,-1.9020998744944861e-06,0.999999999998191,2.25925814145631e-19,1.7613387370847856e-24,0.0,0.0,0.0,0.00018096301325436237
2026-09-07T01:01:38.723358,7.61,-5.013774732719931e-16,1.5870667832511438e-26,0.0,1.4158306145262147e-06,0.0,0.0,7.079153072630482e-07,0.9999999999997494,-4.1409484346541325e-18,1.5921344795763996e-24,0.0,0.0,0.0,-0.00023726768341739786
2026-09-07T01:01:38.743915,7.63,-5.015944622357319e-16,1.755002820137321e-26,0.0,-6.210356011671081e-07,0.0,0.0,-3.1051780058354907e-07,0.9999999999999518,-8.507471468055729e-18,1.760367679379217e-24,0.0,0.0,0.0,9.118811323974695e-05
2026-09-07T01:01:38.763303,7.65,-5.017244408947625e-16,1.6654868168164194e-26,0.0,-5.401813454319894e-07,0.0,0.0,-2.7009067271599135e-07,0.9999999999999635,-4.145516574505519e-18,1.6706345590451468e-24,0.0,0.0,0.0,0.0002061669041618142
2026-09-07T01:01:38.782387,7.67,-5.016809486495996e-16,1.6177237325919712e-26,0.0,1.1007425397835393e-06,0.0,0.0,5.503712698917418e-07,0.9999999999998486,2.1614096568074724e-19,1.6227427629819206e-24,0.0,0.0,0.0,5.751610146060726e-05
2026-09-07T01:01:38.804055,7.69,-5.019414428312367e-16,1.743272150805529e-26,0.0,-2.440298417116793e-06,0.0,0.0,-1.2201492085580937e-06,0.9999999999992556,-8.514673170433199e-18,1.7485110533442237e-24,0.0,0.0,0.0,0.00011657628509783425
2026-09-07T01:01:38.822480,7.71,-5.019411808121322e-16,1.7243786243083593e-26,0.0,1.7909957206185827e-06,0.0,0.0,8.954978603091715e-07,0.999999999999599,2.1141710389902444e-19,1.729521026408595e-24,0.0,0.0,0.0,0.00016396872299060005
2026-09-07T01:01:38.843695,7.73,-5.022885469632951e-16,2.007519548322318e-26,0.0,1.0528931388975593e-06,0.0,0.0,5.264465694487553e-07,0.9999999999998614,-1.2883382052013313e-17,2.013210215266545e-24,0.0,0.0,0.0,-0.00016748444640373342
2026-09-07T01:01:38.863092,7.75,-5.022449150790942e-16,2.0291322317948312e-26,0.0,5.121817753472869e-06,0.0,0.0,2.560908876733635e-06,0.9999999999967208,-4.156897110449255e-18,2.034782296822385e-24,0.0,0.0,0.0,-0.0001557835126712178
2026-09-07T01:01:38.882485,7.77,-5.023751664955461e-16,2.2443688046176713e-26,0.0,7.00036025591544e-07,0.0,0.0,3.500180127957648e-07,0.9999999999999387,-8.523193151962465e-18,2.2504213838500557e-24,0.0,0.0,0.0,-0.00021972781854470898
2026-09-07T01:01:38.902140,7.79,-5.023749036996283e-16,2.3075579118695414e-26,0.0,-1.9668062058997293e-06,0.0,0.0,-9.83403102949706e-07,0.9999999999995165,2.0301345400677658e-19,2.3136421457364704e-24,0.0,0.0,0.0,-0.00025262066311333096
2026-09-07T01:01:38.921870,7.8100000000000005,-5.026790375178105e-16,2.019304902174869e-26,0.0,7.441031391053343e-08,0.0,0.0,3.720515695526671e-08,0.9999999999999993,-1.7255732003479437e-17,2.024709106550847e-24,0.0,0.0,0.0,0.0002344767018270002
2026-09-07T01:01:38.943121,7.83,-5.025485311237841e-16,1.7466606943899144e-26,0.0,-1.3208153917254608e-06,0.0,0.0,-6.604076958626823e-07,0.999999999999782,-4.164753985066597e-18,1.7515819298398498e-24,0.0,0.0,0.0,0.00024948407261511624
2026-09-07T01:01:38.961513,7.85,-5.024616691429621e-16,1.7479833150991345e-26,0.0,-5.886360624707267e-06,0.0,0.0,-2.9431803123493835e-06,0.9999999999956688,1.971639184284816e-19,1.7528763998533587e-24,0.0,0.0,0.0,-0.00019016754060665464
2026-09-07T01:01:38.983796,7.87,-5.023749452443544e-16,2.013610933374623e-26,0.0,3.360716629430272e-06,0.0,0.0,1.680358314714345e-06,0.9999999999985882,1.9469588437853643e-19,2.018972955537455e-24,0.0,0.0,0.0,1.904998429826983e-05
2026-09-07T01:01:39.002764,7.89,-5.02418325439621e-16,2.0796394318931695e-26,0.0,3.574094109559667e-07,0.0,0.0,1.7870470547798239e-07,0.999999999999984,1.9224820573143378e-19,2.085085392657335e-24,0.0,0.0,0.0,0.0001986341198158961
2026-09-07T01:01:39.022853,7.91,-5.025485779439293e-16,2.0792632127807114e-26,0.0,6.643509058434917e-07,0.0,0.0,3.321754529217397e-07,0.9999999999999448,-4.1742220387934235e-18,2.0846769795804124e-24,0.0,0.0,0.0,0.0003043750683017866
2026-09-07T01:01:39.043048,7.93,-5.027655648665464e-16,2.0391148652640874e-26,0.0,6.976735851260684e-07,0.0,0.0,3.4883679256302714e-07,0.9999999999999392,-8.540328176966499e-18,2.0444264123282268e-24,0.0,0.0,0.0,6.55994734982183e-05
2026-09-07T01:01:39.063874,7.95,-5.027653010750994e-16,1.9627443697078417e-26,0.0,-1.1001115320929957e-06,0.0,0.0,-5.5005576604647e-07,0.9999999999998487,1.8609488027110575e-19,1.9678461783265086e-24,0.0,0.0,0.0,0.00025999251177973677
2026-09-07T01:01:39.082720,7.97,-5.027653125534796e-16,1.939452720348501e-26,0.0,1.922036513946068e-06,0.0,0.0,9.61018256972886e-07,0.9999999999995383,1.837731973139495e-19,1.944475335396474e-24,0.0,0.0,0.0,0.00011732946740858134
2026-09-07T01:01:39.103154,7.99,-5.029390687702954e-16,2.0658064019876515e-26,0.0,-2.7230543997447404e-07,0.0,0.0,-1.3615271998723657e-07,0.9999999999999908,-8.546643706522121e-18,2.0710596712742e-24,0.0,0.0,0.0,9.10784170125404e-05
2026-09-07T01:01:39.123121,8.01,-5.03112549313574e-16,1.9786348168648292e-26,0.0,3.808021031392884e-06,0.0,0.0,1.904010515695291e-06,0.9999999999981873,-8.548256812080571e-18,1.983653424228401e-24,0.0,0.0,0.0,-0.0005890082052828686
2026-09-07T01:01:39.145458,8.03,-5.029388126822849e-16,1.7631619564367257e-26,0.0,-9.2121323902461e-08,0.0,0.0,-4.606066195123047e-08,0.9999999999999989,1.7827770277062217e-19,1.767761481285733e-24,0.0,0.0,0.0,-0.00013904535477991649
2026-09-07T01:01:39.162542,8.05,-5.030256958309322e-16,1.7341774114354118e-26,0.0,-2.0331987413690906e-06,0.0,0.0,-1.0165993706843704e-06,0.9999999999994833,-4.1879995045141554e-18,1.7386570777875504e-24,0.0,0.0,0.0,-7.099755949292768e-05
2026-09-07T01:01:39.182509,8.07,-5.029822010824366e-16,1.803681882460485e-26,0.0,1.3365503175322146e-06,0.0,0.0,6.682751587660576e-07,0.9999999999997767,1.7417604653951677e-19,1.808266009668625e-24,0.0,0.0,0.0,-0.00019348169491307856
2026-09-07T01:01:39.202517,8.09,-5.029820756351586e-16,1.7958922035081592e-26,0.0,-2.1522727546852143e-06,0.0,0.0,-1.0761363773423992e-06,0.999999999999421,4.5360480219923266e-18,1.8004248266650006e-24,0.0,0.0,0.0,-5.359479416012063e-05
2026-09-07T01:01:39.228466,8.11,-5.030689603903857e-16,1.6160111464915635e-26,0.0,3.000993803237151e-06,0.0,0.0,1.5004969016180123e-06,0.9999999999988742,1.694972038193631e-19,1.6201705246708972e-24,0.0,0.0,0.0,2.0218102776145737e-05
2026-09-07T01:01:39.246173,8.13,-5.033294520028377e-16,1.9820726913971765e-26,0.0,-1.7447490119337772e-08,0.0,0.0,-8.723745059668886e-09,1.0,-8.560751057950165e-18,1.9869274775655494e-24,0.0,0.0,0.0,0.00019322269721649404
2026-09-07T01:01:39.263310,8.15,-5.03546436035671e-16,1.8572547495170613e-26,0.0,-1.8757572384231483e-08,0.0,0.0,-9.37878619211574e-09,1.0,-1.2926240212803229e-17,1.861814541123831e-24,0.0,0.0,0.0,0.0003079513076759236
2026-09-07T01:01:39.282494,8.17,-5.035026648561441e-16,1.6002665228257638e-26,0.0,2.0514616227984565e-08,0.0,0.0,1.025730811399228e-08,1.0,1.648559405729972e-19,1.6042762945134863e-24,0.0,0.0,0.0,-0.00021634229913568157
2026-09-07T01:01:39.303780,8.19,-5.035894109423887e-16,1.5766733041661213e-26,0.0,5.358771431485109e-06,0.0,0.0,2.679385715739349e-06,0.9999999999964104,1.6280841257099045e-19,1.580628300807111e-24,0.0,0.0,0.0,-0.00022354713092215153
2026-09-07T01:01:39.322019,8.21,-5.035894212606549e-16,1.5599100125265987e-26,0.0,-1.32349022408107e-06,0.0,0.0,-6.617451120404866e-07,0.9999999999997811,1.6076211800536436e-19,1.563803556928371e-24,0.0,0.0,0.0,8.643555443387584e-05
2026-09-07T01:01:39.342468,8.23,-5.0376317603789645e-16,1.436994368940631e-26,0.0,-4.5544984983436626e-07,0.0,0.0,-2.2772492491718114e-07,0.999999999999974,-8.569366872549397e-18,1.4406184891181742e-24,0.0,0.0,0.0,-0.00041017084917861134
2026-09-07T01:01:39.364150,8.25,-5.038497828159702e-16,1.616457259317228e-26,0.0,-8.853115005535983e-07,0.0,0.0,-4.426557502767847e-07,0.9999999999999021,-4.206640161720583e-18,1.620400824935003e-24,0.0,0.0,0.0,0.00013808649644219138
2026-09-07T01:01:39.382402,8.27,-5.040233993995549e-16,1.5033010683529843e-26,0.0,-2.8617699454613904e-07,0.0,0.0,-1.4308849727306902e-07,0.9999999999999898,-8.572321896683917e-18,1.5069986201848982e-24,0.0,0.0,0.0,0.00010746935845314557
2026-09-07T01:01:39.403598,8.29,-5.039363974517199e-16,1.450741503822567e-26,0.0,-2.8751324698816916e-06,0.0,0.0,-1.4375662349403507e-06,0.9999999999989667,1.5450634912994065e-19,1.454310956414464e-24,0.0,0.0,0.0,-0.0002899608914066295
2026-09-07T01:01:39.422305,8.31,-5.04023279196565e-16,1.3132055634948028e-26,0.0,-1.3223306747356391e-06,0.0,0.0,-6.611653373677713e-07,0.9999999999997814,-4.211472752945431e-18,1.3164665730505373e-24,0.0,0.0,0.0,0.0004068442242878752
2026-09-07T01:01:39.445278,8.33,-5.039796467257446e-16,1.228623990733742e-26,0.0,2.233643140225894e-06,0.0,0.0,1.1168215701127148e-06,0.9999999999993764,4.5150514517708844e-18,1.2317127534329052e-24,0.0,0.0,0.0,-2.3321232245699047e-05
