wall_time,ros_time_sec,parent_frame,child_frame,x,y,z,yaw,qx,qy,qz,qw
2026-09-21T04:57:34.898386,2.8200000000000003,map,roomba,-5.5302919293461596e-14,-1.4400823135959923e-30,0.0,-1.3447021274259896e-12,0.0,0.0,-6.723510637129948e-13,1.0
2026-09-21T04:57:34.971441,2.89,map,roomba,-5.5301178086842085e-14,-7.396702368361971e-25,0.0,-2.5051291445699064e-06,0.0,0.0,-1.2525645722846256e-06,0.9999999999992155
2026-09-21T04:57:35.040770,2.93,map,roomba,-5.530047903285722e-14,-6.943078027962458e-25,0.0,2.5646178380966953e-06,0.0,0.0,1.2823089190479961e-06,0.9999999999991779
2026-09-21T04:57:35.114052,2.96,map,roomba,-5.530022232373417e-14,2.0988349404574496e-31,0.0,-4.844125101044483e-12,0.0,0.0,-2.4220625505222415e-12,1.0
2026-09-21T04:57:35.184360,3.03,map,roomba,-5.529861779149783e-14,-5.663101984074265e-25,0.0,-1.3926247675044585e-06,0.0,0.0,-6.963123837521729e-07,0.9999999999997575
2026-09-21T04:57:35.251262,3.07,map,roomba,-5.5297825058134867e-14,-5.101635660049283e-25,0.0,-1.294506797311357e-06,0.0,0.0,-6.472533986556333e-07,0.9999999999997905
2026-09-21T04:57:35.320021,3.13,map,roomba,-5.5296716519871914e-14,-4.250206354333688e-25,0.0,9.258395712308245e-07,0.0,0.0,4.6291978561539573e-07,0.9999999999998929
2026-09-21T04:57:35.390337,3.19,map,roomba,-5.5295548332452247e-14,-3.5019839523600797e-25,0.0,-8.390049899276171e-07,0.0,0.0,-4.1950249496379624e-07,0.999999999999912
2026-09-21T04:57:35.457174,3.23,map,roomba,-5.529470447338449e-14,-2.855548583955855e-25,0.0,-4.0753506835855557e-07,0.0,0.0,-2.0376753417927638e-07,0.9999999999999792
2026-09-21T04:57:35.525200,3.27,map,roomba,-5.529402364163784e-14,-2.228435784067788e-25,0.0,-1.4772938898843797e-06,0.0,0.0,-7.386469449421226e-07,0.9999999999997272
2026-09-21T04:57:35.593447,3.33,map,roomba,-5.529288040853579e-14,-1.8251886240527225e-25,0.0,-3.768482930155415e-07,0.0,0.0,-1.8842414650776962e-07,0.9999999999999822
2026-09-21T04:57:35.662585,3.39,map,roomba,-5.52917477861816e-14,-1.2841976654985641e-25,0.0,-3.1493581964525674e-08,0.0,0.0,-1.5746790982262837e-08,0.9999999999999999
2026-09-21T04:57:35.729459,3.43,map,roomba,-5.52909198036917e-14,-7.969399685646083e-26,0.0,2.1242532000087527e-07,0.0,0.0,1.0621266000043744e-07,0.9999999999999943
2026-09-21T04:57:35.796188,3.49,map,roomba,-5.528952364708352e-14,-3.5275523225634694e-26,0.0,-1.1850738874663597e-06,0.0,0.0,-5.925369437331451e-07,0.9999999999998245
2026-09-21T04:57:35.864856,3.52,map,roomba,-5.528930340841686e-14,1.9433705937528718e-30,0.0,-5.002220859751105e-12,0.0,0.0,-2.5011104298755527e-12,1.0
2026-09-21T04:57:35.946015,3.59,map,roomba,-5.528766449262082e-14,7.08000894795762e-26,0.0,9.304270349730368e-07,0.0,0.0,4.652135174865015e-07,0.9999999999998918
2026-09-21T04:57:36.025576,3.63,map,roomba,-5.528700372005097e-14,8.220618794076438e-26,0.0,-3.7472886349476653e-07,0.0,0.0,-1.8736443174738218e-07,0.9999999999999825
2026-09-21T04:57:36.096418,3.67,map,roomba,-5.52862111901233e-14,9.817977581372609e-26,0.0,2.094323769075147e-06,0.0,0.0,1.047161884537382e-06,0.9999999999994517
2026-09-21T04:57:36.181976,3.72,map,roomba,-5.528541063151148e-14,-1.0930931276892526e-30,0.0,1.893152301590817e-12,0.0,0.0,9.465761507954085e-13,1.0
2026-09-21T04:57:36.274487,3.77,map,roomba,-5.528425225480728e-14,1.9230834647856907e-25,0.0,-3.7760044153678515e-06,0.0,0.0,-1.888002207682804e-06,0.9999999999982178
2026-09-21T04:57:36.358129,3.83,map,roomba,-5.528290237830905e-14,2.4503136629642395e-25,0.0,-5.110561986931826e-07,0.0,0.0,-2.5552809934658857e-07,0.9999999999999674
2026-09-21T04:57:36.432750,3.87,map,roomba,0.012012357141046683,2.0370489350336084e-10,0.0,-6.131673067066858e-07,0.0,0.0,-3.065836533533381e-07,0.999999999999953
2026-09-21T04:57:36.515917,3.93,map,roomba,0.03601191732394903,1.301467548546723e-10,0.0,1.3526272790720384e-06,0.0,0.0,6.763136395359676e-07,0.9999999999997713
2026-09-21T04:57:36.596931,3.97,map,roomba,0.05201162379368587,4.7884665697485367e-11,0.0,-1.6710693317989467e-06,0.0,0.0,-8.355346658993761e-07,0.999999999999651
2026-09-21T04:57:36.672040,4.03,map,roomba,0.07601119663131489,4.556433346918376e-11,0.0,-7.310878045174718e-07,0.0,0.0,-3.6554390225872775e-07,0.9999999999999332
2026-09-21T04:57:36.747489,4.06,map,roomba,0.08799999996587608,5.443763356531181e-15,0.0,1.0835776720341528e-12,0.0,0.0,5.417888360170764e-13,1.0
2026-09-21T04:57:36.825542,4.13,map,roomba,0.1160105184456356,-4.500499856708136e-12,0.0,3.268700937919535e-06,0.0,0.0,1.6343504689590398e-06,0.9999999999986644
2026-09-21T04:57:36.901318,4.19,map,roomba,0.14001013096800394,-6.443803230708013e-11,0.0,1.2267322100356637e-06,0.0,0.0,6.133661050177934e-07,0.9999999999998119
2026-09-21T04:57:36.980422,4.23,map,roomba,0.1560098804455669,3.748295310479568e-11,0.0,-1.7653159956054767e-07,0.0,0.0,-8.826579978027373e-08,0.9999999999999961
2026-09-21T04:57:37.061586,4.27,map,roomba,0.17200963599539706,-7.7497581402794e-11,0.0,2.387807414017118e-07,0.0,0.0,1.193903707008556e-07,0.9999999999999929
2026-09-21T04:57:37.138056,4.33,map,roomba,0.17600872012838786,-0.00032107444753962664,0.0,-0.0034913290679326045,0.0,0.0,-0.0017456636473595199,0.9999984763280544
2026-09-21T04:57:37.212070,4.37,map,roomba,0.19200839282060414,-0.00037691342952962,0.0,-0.0034890795461362113,0.0,0.0,-0.0017445388881739859,0.999998478290876
2026-09-21T04:57:37.294092,4.43,map,roomba,0.21600791231655583,-0.00046067207993273596,0.0,-0.003489666369377766,0.0,0.0,-0.001744832299348201,0.999998477778965
2026-09-21T04:57:37.372538,4.48,map,roomba,0.23599907433794168,-0.0005304415179930102,0.0,-0.003489999998212548,0.0,0.0,-0.001744999113511639,0.9999984774878878
2026-09-21T04:57:37.452228,4.53,map,roomba,0.2560071382991683,-0.0006002697231031984,0.0,-0.0034886920842496344,0.0,0.0,-0.001744345157525467,0.9999984786288284
2026-09-21T04:57:37.533890,4.57,map,roomba,0.27200683771744094,-0.0006561088418571942,0.0,-0.003493518569551725,0.0,0.0,-0.0017467583964999927,0.9999984744163884
2026-09-21T04:57:37.617295,4.63,map,roomba,0.29600695641445957,-0.0004187923997881091,0.0,-1.3329733010644673e-06,0.0,0.0,-6.664866505321842e-07,0.9999999999997778
2026-09-21T04:57:37.695003,4.69,map,roomba,0.3200066717993617,-0.0004187924106583199,0.0,-3.791189541850485e-06,0.0,0.0,-1.8955947709241068e-06,0.9999999999982033
2026-09-21T04:57:37.767920,4.73,map,roomba,0.33600648786954185,-0.00041879250168298175,0.0,8.263147686163321e-07,0.0,0.0,4.131573843081543e-07,0.9999999999999146
2026-09-21T04:57:37.847730,4.79,map,roomba,0.3600062204201056,-0.0004187924217684284,0.0,1.9592829647654963e-06,0.0,0.0,9.796414823825915e-07,0.9999999999995202
2026-09-21T04:57:37.921359,4.83,map,roomba,0.3760060475944716,-0.00041879263266205526,0.0,-9.105138540840834e-07,0.0,0.0,-4.552569270420259e-07,0.9999999999998963
2026-09-21T04:57:38.001998,4.87,map,roomba,0.3920058790260826,-0.0004187926634791374,0.0,-6.642284473487586e-07,0.0,0.0,-3.3211422367437316e-07,0.9999999999999448
2026-09-21T04:57:38.077451,4.93,map,roomba,0.4160056339333686,-0.00041879275464601037,0.0,-3.3906975178688015e-06,0.0,0.0,-1.6953487589335884e-06,0.9999999999985629
2026-09-21T04:57:38.149272,4.97,map,roomba,0.4320054755668109,-0.00041879272233171573,0.0,-2.207046787106037e-06,0.0,0.0,-1.1035233935527944e-06,0.9999999999993912
2026-09-21T04:57:38.218144,5.03,map,roomba,0.456005245318686,-0.00041879260886310964,0.0,2.7302779210813827e-06,0.0,0.0,1.3651389605402672e-06,0.9999999999990682
2026-09-21T04:57:38.296470,5.07,map,roomba,0.4720050965509714,-0.0004187928169062977,0.0,-2.3119841361385336e-06,0.0,0.0,-1.1559920680690093e-06,0.9999999999993319
2026-09-21T04:57:38.372443,5.13,map,roomba,0.49600488026804107,-0.0004187926040171442,0.0,-7.447942373950412e-07,0.0,0.0,-3.7239711869751194e-07,0.9999999999999306
2026-09-21T04:57:38.445263,5.19,map,roomba,0.5200046719624527,-0.0004187927469323921,0.0,-6.868375823643187e-07,0.0,0.0,-3.434187911821526e-07,0.999999999999941
2026-09-21T04:57:38.522252,5.22,map,roomba,0.521999269156032,-0.010418792742906345,0.0,-2.948752353355612e-12,0.0,0.0,-1.474376176677806e-12,1.0
2026-09-21T04:57:38.602407,5.27,map,roomba,0.5420044061330229,-0.010418792739380203,0.0,4.978327163840389e-07,0.0,0.0,2.489163581920169e-07,0.999999999999969
2026-09-21T04:57:38.675212,5.33,map,roomba,0.5660042153349061,-0.010418792845121592,0.0,-4.9773798407315465e-06,0.0,0.0,-2.4886899203632038e-06,0.9999999999969031
2026-09-21T04:57:38.748506,5.37,map,roomba,0.5820040920702167,-0.010418792793340688,0.0,7.573919633685477e-07,0.0,0.0,3.786959816842648e-07,0.9999999999999283
2026-09-21T04:57:38.822780,5.43,map,roomba,0.6060039128827766,-0.010418792809638993,0.0,3.1958085791039545e-06,0.0,0.0,1.5979042895512973e-06,0.9999999999987234
2026-09-21T04:57:38.892259,5.49,map,roomba,0.6300037403244132,-0.010418792742005068,0.0,2.409943033576668e-06,0.0,0.0,1.2049715167880423e-06,0.999999999999274
2026-09-21T04:57:38.970533,5.53,map,roomba,0.6460036288483664,-0.010418792778512915,0.0,-1.1165364846021936e-06,0.0,0.0,-5.582682423010678e-07,0.9999999999998441
2026-09-21T04:57:39.042302,5.59,map,roomba,0.6700034668044613,-0.010418792731044714,0.0,-1.6776930116257924e-06,0.0,0.0,-8.388465058127977e-07,0.9999999999996482
2026-09-21T04:57:39.117940,5.63,map,roomba,0.6860033621233916,-0.010418792647005818,0.0,1.5129589945317439e-06,0.0,0.0,7.564794972657997e-07,0.9999999999997139
2026-09-21T04:57:39.198514,5.69,map,roomba,0.7100032099600989,-0.010418792575319918,0.0,1.0826021337173588e-06,0.0,0.0,5.413010668586529e-07,0.9999999999998535
2026-09-21T04:57:39.262741,5.73,map,roomba,0.7260031116639605,-0.010418792377348008,0.0,-1.851915398365379e-06,0.0,0.0,-9.259576991825571e-07,0.9999999999995712
2026-09-21T04:57:39.338935,5.77,map,roomba,0.7420030158124064,-0.010418792376526351,0.0,1.3313653637325735e-06,0.0,0.0,6.656826818662374e-07,0.9999999999997784
2026-09-21T04:57:39.413226,5.83,map,roomba,0.7760028764872328,-0.00041879261731400105,0.0,-1.3568596002322404e-06,0.0,0.0,-6.784298001160682e-07,0.9999999999997699
2026-09-21T04:57:39.484584,5.87,map,roomba,0.7920027864866248,-0.000418792518318548,0.0,2.9975513271551827e-07,0.0,0.0,1.4987756635775855e-07,0.9999999999999888
2026-09-21T04:57:39.570432,5.93,map,roomba,0.8160026556681932,-0.00041879260740715444,0.0,2.0332420382906967e-06,0.0,0.0,1.016621019145173e-06,0.9999999999994832
2026-09-21T04:57:39.641561,5.99,map,roomba,0.8400025297042171,-0.0004187926506926053,0.0,1.3546770372130402e-07,0.0,0.0,6.773385186065195e-08,0.9999999999999977
2026-09-21T04:57:39.713346,6.02,map,roomba,0.8519992691487565,-0.0004187927429162722,0.0,2.479794148014508e-12,0.0,0.0,1.239897074007254e-12,1.0
2026-09-21T04:57:39.779325,6.07,map,roomba,0.872002368995247,-0.0004187928491645846,0.0,6.076608669580713e-07,0.0,0.0,3.0383043347903093e-07,0.9999999999999538
2026-09-21T04:57:39.856747,6.13,map,roomba,0.8460016933923559,-0.01009771487237766,0.0,0.003492119056730539,0.0,0.0,0.001746058641156509,0.999998475638449
2026-09-21T04:57:39.927215,6.19,map,roomba,0.8700014361929705,-0.010013955430925904,0.0,0.0034898328766039973,0.0,0.0,0.0017449155528345799,0.9999984776336979
2026-09-21T04:57:39.992174,6.23,map,roomba,0.8860012670276644,-0.00995811581429924,0.0,0.003490160622943396,0.0,0.0,0.0017450794257547815,0.9999984773477397
2026-09-21T04:57:40.065340,6.26,map,roomba,0.8979983922021811,-0.00991624580841807,0.0,0.0034900000047113503,0.0,0.0,0.0017449991167610352,0.9999984774878822
2026-09-21T04:57:40.138755,6.33,map,roomba,0.9260008518382252,-0.009818516794508216,0.0,0.0034909591593150907,0.0,0.0,0.0017454786933325428,0.9999984766509052
2026-09-21T04:57:40.206274,6.37,map,roomba,0.9420006887375598,-0.00976267715352515,0.0,0.0034909989078475557,0.0,0.0,0.0017454985675684996,0.999998476616215
2026-09-21T04:57:40.276490,6.43,map,roomba,0.9360004471439036,-0.009678917885121433,0.0,0.0034889193261868957,0.0,0.0,0.0017444587783212264,0.9999984784306277
2026-09-21T04:57:40.340607,6.47,map,roomba,0.9520002880600457,-0.009623078294611937,0.0,0.0034904445171803984,0.0,0.0,0.0017452213726571282,0.9999984771000205
2026-09-21T04:57:40.408826,6.53,map,roomba,0.9760000523040961,-0.009539318761097518,0.0,0.003488327822483987,0.0,0.0,0.0017441630269197032,0.999998478946511
2026-09-21T04:57:40.477102,6.5600000000000005,map,roomba,0.9879976613948181,-0.009497446658586057,0.0,0.0034899999984612305,0.0,0.0,0.00174499911363598,0.9999984774878876
2026-09-21T04:57:40.546231,6.63,map,roomba,1.0159996667175604,-0.009399719329767908,0.0,0.003489701217953339,0.0,0.0,0.0017448497236094635,0.9999984777485624
2026-09-21T04:57:40.612822,6.67,map,roomba,1.0319995149465298,-0.009343879561085712,0.0,0.0034907415761973367,0.0,0.0,0.0017453699019393829,0.9999984768407927
2026-09-21T04:57:40.679828,6.72,map,roomba,1.0019972716309606,-0.009274087112026447,0.0,0.003489999997786216,0.0,0.0,0.0017449991132984738,0.9999984774878883
2026-09-21T04:57:40.746400,6.77,map,roomba,1.0219991413756286,-0.00920428024428702,0.0,0.003488298115856609,0.0,0.0,0.0017441481736286066,0.9999984789724174
2026-09-21T04:57:40.815400,6.82,map,roomba,1.0419970280285713,-0.009134487395407027,0.0,0.0034899999950519594,0.0,0.0,0.0017449991119313471,0.9999984774878906
2026-09-21T04:57:40.888462,6.88,map,roomba,1.065996881867145,-0.009050727565445574,0.0,0.00348999999732614,0.0,0.0,0.0017449991130684358,0.9999984774878886
2026-09-21T04:57:40.953169,6.93,map,roomba,1.085998560007458,-0.008980921287939578,0.0,0.003490123388390174,0.0,0.0,0.0017450608085065173,0.9999984773802281
2026-09-21T04:57:41.018180,6.97,map,roomba,1.1019984176159572,-0.008925081487123336,0.0,0.003492777862732285,0.0,0.0,0.001746388043655158,0.9999984750632378
2026-09-21T04:57:41.087264,7.03,map,roomba,1.0859982061242808,-0.00884132201775403,0.0,0.0034886761459158623,0.0,0.0,0.0017443371883707048,0.9999984786427294
2026-09-21T04:57:41.159639,7.06,map,roomba,1.0979964433828975,-0.008799448075556349,0.0,0.0034900000015329943,0.0,0.0,0.0017449991151718596,0.999998477487885
2026-09-21T04:57:41.228849,7.13,map,roomba,1.1259978589934374,-0.00870172249029014,0.0,0.0034925168893249524,0.0,0.0,0.0017462575571504605,0.9999984752911096
2026-09-21T04:57:41.302276,7.17,map,roomba,1.141997721938623,-0.008645882670310053,0.0,0.003486075956010696,0.0,0.0,0.0017430370953945569,0.9999984809096882
2026-09-21T04:57:41.372107,7.23,map,roomba,1.1659975182035416,-0.00856212313922259,0.0,0.0034939512331233513,0.0,0.0,0.001746974727955733,0.9999984740384856
2026-09-21T04:57:41.439816,7.27,map,roomba,1.18199738357556,-0.008506283499558745,0.0,0.0034915969597812996,0.0,0.0,0.001745797593079762,0.9999984760942209
2026-09-21T04:57:41.501969,7.32,map,roomba,1.1619942022818743,-0.018129378818245875,0.0,0.00697999999960609,0.0,0.0,0.0034899929150491948,0.9999939099561822
2026-09-21T04:57:41.580005,7.37,map,roomba,1.1819950778560306,-0.017989770559972425,0.0,0.006980834286493221,0.0,0.0,0.003490410055952034,0.9999939085002675
2026-09-21T04:57:41.655134,7.43,map,roomba,1.2059944424779143,-0.017822252394869183,0.0,0.006981380141113834,0.0,0.0,0.003490682981599674,0.999993907547602
2026-09-21T04:57:41.728448,7.47,map,roomba,1.2219940199454153,-0.01771057353645538,0.0,0.006978224405369558,0.0,0.0,0.0034891051233362762,0.9999939130541937
2026-09-21T04:57:41.802698,7.53,map,roomba,1.2459933876745592,-0.01754305524949281,0.0,0.006982410903685579,0.0,0.0,0.003491198359745146,0.9999939057484365
2026-09-21T04:57:41.865502,7.57,map,roomba,1.2619929671499814,-0.01743137643671558,0.0,0.006980440432713408,0.0,0.0,0.00349021313026164,0.9999939091876037
2026-09-21T04:57:41.932487,7.62,map,roomba,1.2419912790681005,-0.017291785619613507,0.0,0.006980000000685214,0.0,0.0,0.0034899929155887536,0.9999939099561803
2026-09-21T04:57:41.997239,7.67,map,roomba,1.2619919191570586,-0.017152179322273815,0.0,0.006983609237883215,0.0,0.0,0.003491797523191863,0.9999939036564458
2026-09-21T04:57:42.070771,7.73,map,roomba,1.2859912925451635,-0.01698466129177022,0.0,0.00698221379756081,0.0,0.0,0.0034910998072833527,0.9999939060924999
2026-09-21T04:57:42.152534,7.79,map,roomba,1.3099906674936965,-0.016817142978447313,0.0,0.006984520205199015,0.0,0.0,0.0034922530040726167,0.9999939020658855
2026-09-21T04:57:42.214916,7.83,map,roomba,1.3259902516321314,-0.016705464131783136,0.0,0.006974049345906509,0.0,0.0,0.003487017606303831,0.9999939203356255
2026-09-21T04:57:42.285615,7.87,map,roomba,1.3419898364204497,-0.016593785004615225,0.0,0.006978747749748496,0.0,0.0,0.0034893667939328407,0.9999939121411576
2026-09-21T04:57:42.356233,7.93,map,roomba,1.3159892147916357,-0.016426266598085514,0.0,0.0069764144696473586,0.0,0.0,0.0034882001609822387,0.9999939162113123
2026-09-21T04:57:42.425874,7.99,map,roomba,1.3399885945384944,-0.016258748012049573,0.0,0.006979615415891429,0.0,0.0,0.003489800624362864,0.9999939106272608
2026-09-21T04:57:42.487187,8.03,map,roomba,1.3559881817760617,-0.016147068966349695,0.0,0.006981487016516571,0.0,0.0,0.003490736418975471,0.9999939073610665
2026-09-21T04:57:42.565941,8.08,map,roomba,1.3759867968071444,-0.016007476048372223,0.0,0.006980000001445494,0.0,0.0,0.003489992915968891,0.999993909956179
2026-09-21T04:57:42.633347,8.13,map,roomba,1.3959871523540515,-0.015867871655828987,0.0,0.006981249101456474,0.0,0.0,0.0034906174621701634,0.9999939077763088
2026-09-21T04:57:42.708755,8.17,map,roomba,1.4119867415420768,-0.01575619287347533,0.0,0.00698198876634137,0.0,0.0,0.0034909872923592706,0.9999939064852968
2026-09-21T04:57:42.779148,8.23,map,roomba,1.3859861263045934,-0.025588674515071304,0.0,0.00697872547840017,0.0,0.0,0.0034893556583264706,0.9999939121800141
2026-09-21T04:57:42.843544,8.26,map,roomba,1.397985042878988,-0.025504920129196425,0.0,0.0069800000019046805,0.0,0.0,0.0034899929161984833,0.9999939099561782
2026-09-21T04:57:42.919156,8.33,map,roomba,1.4259851034182198,-0.025309477118949188,0.0,0.0069798334094302,0.0,0.0,0.0034899096204685084,0.999993910246878
2026-09-21T04:57:42.987100,8.37,map,roomba,1.4419846951060185,-0.025197798162996256,0.0,0.00698089531723056,0.0,0.0,0.003490440571134818,0.9999939083937559
2026-09-21T04:57:43.063148,8.43,map,roomba,1.465984083502567,-0.025030279682579912,0.0,0.006978517162602669,0.0,0.0,0.003489251501061796,0.9999939125434526
2026-09-21T04:57:43.127316,8.47,map,roomba,1.48198367632606,-0.024918600568280942,0.0,0.006980567162631511,0.0,0.0,0.0034902764948347405,0.9999939089664445
2026-09-21T04:57:43.198583,8.53,map,roomba,1.4559830663745588,-0.02475108205207892,0.0,0.006981285567764688,0.0,0.0,0.0034906356952131897,0.9999939077126637
2026-09-21T04:57:43.288997,8.57,map,roomba,1.471982660266827,-0.02463940316936728,0.0,0.0069783426939032,0.0,0.0,0.0034891642672430835,0.9999939128478313
2026-09-21T04:57:43.368832,8.62,map,roomba,1.4919815350227335,-0.024499808290824893,0.0,0.006980000002603697,0.0,0.0,0.003489992916547989,0.999993909956177
2026-09-21T04:57:43.448247,8.66,map,roomba,1.5079811452609315,-0.02438812919767155,0.0,0.00697999999967537,0.0,0.0,0.003489992915083835,0.9999939099561821
2026-09-21T04:57:43.521194,8.73,map,roomba,1.5359810398137586,-0.02419268696368449,0.0,0.00698056013178096,0.0,0.0,0.0034902729794308784,0.9999939089787143
2026-09-21T04:57:43.592244,8.77,map,roomba,1.5519806356472003,-0.024081007936675263,0.0,0.006981245948640712,0.0,0.0,0.003490615885771885,0.9999939077818114
2026-09-21T04:57:43.659600,8.83,map,roomba,1.535973306794602,-0.023271366452542984,0.0,0.0139621959047105,0.0,0.0,0.006981041247677547,0.9999756322346551
2026-09-21T04:57:43.723957,8.870000000000001,map,roomba,1.5519717342471644,-0.02304801396869786,0.0,0.013961475096484058,0.0,0.0,0.006980680852346116,0.9999756347505862
2026-09-21T04:57:43.789616,8.93,map,roomba,1.5759693760564883,-0.02271298522457907,0.0,0.013958634752693228,0.0,0.0,0.006979260715046504,0.9999756446633445
2026-09-21T04:57:43.866523,8.98,map,roomba,1.5959669191841397,-0.022433801127049423,0.0,0.013959999996950427,0.0,0.0,0.006979943320547986,0.9999756398989137
2026-09-21T04:57:43.939057,9.03,map,roomba,1.6159654473502205,-0.022154603896759644,0.0,0.013960386162726676,0.0,0.0,0.006980136398732459,0.9999756385511874
2026-09-21T04:57:44.004583,9.07,map,roomba,1.6319638764077564,-0.021931251287188615,0.0,0.013960806870312774,0.0,0.0,0.006980346747400832,0.9999756370828672
2026-09-21T04:57:44.070405,9.13,map,roomba,1.6159564781938152,-0.031275181805577215,0.0,0.01745008623501157,0.0,0.0,0.00872493241693961,0.9999619370527659
2026-09-21T04:57:44.140205,9.17,map,roomba,1.6319540310479355,-0.030995995945932636,0.0,0.01745049279467039,0.0,0.0,0.008725135689031414,0.9999619352791426
2026-09-21T04:57:44.208491,9.23,map,roomba,1.6559503608576447,-0.030577217543241095,0.0,0.017450904136740577,0.0,0.0,0.008725341352237511,0.9999619334846137
2026-09-21T04:57:44.280052,9.27,map,roomba,1.6719479144013059,-0.03029803190997539,0.0,0.017450773201472616,0.0,0.0,0.008725275887095636,0.999961934055839
2026-09-21T04:57:44.344936,9.33,map,roomba,1.6959442452045372,-0.02987925334177504,0.0,0.01744830431169822,0.0,0.0,0.008724041489192098,0.9999619448259492
2026-09-21T04:57:44.413525,9.37,map,roomba,1.7119417993888872,-0.029600067542984637,0.0,0.017451041108986126,0.0,0.0,0.008725409835753236,0.9999619328870465
2026-09-21T04:57:44.481143,9.43,map,roomba,1.69593196838029,-0.03886026843401061,0.0,0.020939564438378168,0.0,0.0,0.010469590943703347,0.9999451923307954
2026-09-21T04:57:44.546520,9.47,map,roomba,1.7119284513887005,-0.03852525308720827,0.0,0.020940893912331754,0.0,0.0,0.010470255644245145,0.9999451853710503
2026-09-21T04:57:44.616535,9.53,map,roomba,1.7359231763344671,-0.03802273013894163,0.0,0.020942924800593753,0.0,0.0,0.010471271032709553,0.9999451747385751
2026-09-21T04:57:44.690118,9.59,map,roomba,1.7599179017781728,-0.037520207053587246,0.0,0.02094442216092326,0.0,0.0,0.010472019671824786,0.999945166898662
2026-09-21T04:57:44.754149,9.62,map,roomba,1.7719149363199482,-0.03726895266543211,0.0,0.020940000001881204,0.0,0.0,0.010469808713518509,0.9999451900506859
2026-09-21T04:57:44.820985,9.67,map,roomba,1.7919108697860957,-0.0368501764037506,0.0,0.020940894673601915,0.0,0.0,0.01047025602485936,0.9999451853670649
2026-09-21T04:57:44.882157,9.73,map,roomba,1.7759055963254458,-0.046347653242181236,0.0,0.020939166318190663,0.0,0.0,0.01046939189451941,0.9999451944148534
2026-09-21T04:57:44.957325,9.79,map,roomba,1.7999003233093753,-0.045845130236686855,0.0,0.020939204170740213,0.0,0.0,0.010469410819756915,0.9999451942167066
2026-09-21T04:57:45.019711,9.82,map,roomba,1.811897397615991,-0.0455938750873897,0.0,0.02094000000151704,0.0,0.0,0.010469808713336437,0.9999451900506878
2026-09-21T04:57:45.096198,9.88,map,roomba,1.835892136004806,-0.04509135181396372,0.0,0.020939999999200674,0.0,0.0,0.010469808712178317,0.9999451900506999
2026-09-21T04:57:45.162305,9.93,map,roomba,1.855888021225581,-0.04467257633374873,0.0,0.020941003756750634,0.0,0.0,0.01047031056344403,0.9999451847959993
2026-09-21T04:57:45.226853,9.97,map,roomba,1.8718845067454875,-0.044337561112295525,0.0,0.02094067203656776,0.0,0.0,0.010470144712444103,0.9999451865325921
2026-09-21T04:57:45.299917,10.03,map,roomba,1.8558719522651281,-0.04351404088791375,0.0,0.02443302910094165,0.0,0.0,0.012216210680727773,0.9999253793141787
